{
"meta":{"test_sets":[],"test_metrics":[],"learn_metrics":[{"best_value":"Min","name":"RMSE"}],"launch_mode":"Train","parameters":"","iteration_count":1000,"learn_sets":["learn"],"name":"experiment"},
"iterations":[
{"learn":[255.5973448],"iteration":0,"passed_time":0.1412785703,"remaining_time":141.1372917},
{"learn":[248.5853701],"iteration":1,"passed_time":0.142224874,"remaining_time":70.97021214},
{"learn":[242.3108345],"iteration":2,"passed_time":0.1431313325,"remaining_time":47.56731282},
{"learn":[235.8902582],"iteration":3,"passed_time":0.1439761035,"remaining_time":35.85004978},
{"learn":[230.8087602],"iteration":4,"passed_time":0.1445293942,"remaining_time":28.76134945},
{"learn":[224.822225],"iteration":5,"passed_time":0.1451157451,"remaining_time":24.04084177},
{"learn":[219.8002279],"iteration":6,"passed_time":0.1461145933,"remaining_time":20.72739873},
{"learn":[213.8130096],"iteration":7,"passed_time":0.1469811907,"remaining_time":18.22566765},
{"learn":[207.8463376],"iteration":8,"passed_time":0.1478316651,"remaining_time":16.2779089},
{"learn":[202.3583022],"iteration":9,"passed_time":0.1486101699,"remaining_time":14.71240682},
{"learn":[197.4133716],"iteration":10,"passed_time":0.1493518986,"remaining_time":13.42809343},
{"learn":[192.7374242],"iteration":11,"passed_time":0.1501243865,"remaining_time":12.36024116},
{"learn":[187.8107499],"iteration":12,"passed_time":0.150849133,"remaining_time":11.45293033},
{"learn":[183.3123643],"iteration":13,"passed_time":0.1515709715,"remaining_time":10.67492699},
{"learn":[178.8972514],"iteration":14,"passed_time":0.1523431293,"remaining_time":10.00386549},
{"learn":[174.5799995],"iteration":15,"passed_time":0.1536346951,"remaining_time":9.448533751},
{"learn":[169.8975098],"iteration":16,"passed_time":0.1544411323,"remaining_time":8.930331354},
{"learn":[165.5441493],"iteration":17,"passed_time":0.155134085,"remaining_time":8.463426195},
{"learn":[161.4669965],"iteration":18,"passed_time":0.1558400044,"remaining_time":8.046265492},
{"learn":[157.3639222],"iteration":19,"passed_time":0.1565404577,"remaining_time":7.670482426},
{"learn":[154.0919638],"iteration":20,"passed_time":0.1572202606,"remaining_time":7.329458814},
{"learn":[150.5904329],"iteration":21,"passed_time":0.1579163421,"remaining_time":7.020099207},
{"learn":[147.2195152],"iteration":22,"passed_time":0.1586041292,"remaining_time":6.737227577},
{"learn":[143.7314266],"iteration":23,"passed_time":0.1590711122,"remaining_time":6.468891898},
{"learn":[140.1237313],"iteration":24,"passed_time":0.1595429134,"remaining_time":6.222173624},
{"learn":[136.7760371],"iteration":25,"passed_time":0.1602431808,"remaining_time":6.00295608},
{"learn":[133.5601897],"iteration":26,"passed_time":0.1609228534,"remaining_time":5.799182828},
{"learn":[130.6107575],"iteration":27,"passed_time":0.16161906,"remaining_time":5.610490225},
{"learn":[127.8234928],"iteration":28,"passed_time":0.1623300642,"remaining_time":5.435258357},
{"learn":[125.1272381],"iteration":29,"passed_time":0.1633447332,"remaining_time":5.281479708},
{"learn":[122.1896595],"iteration":30,"passed_time":0.1638704655,"remaining_time":5.122273584},
{"learn":[119.5290408],"iteration":31,"passed_time":0.1645685284,"remaining_time":4.978197983},
{"learn":[117.5316206],"iteration":32,"passed_time":0.1652807547,"remaining_time":4.843226965},
{"learn":[114.7379303],"iteration":33,"passed_time":0.1662567454,"remaining_time":4.723647531},
{"learn":[111.9875997],"iteration":34,"passed_time":0.1669503366,"remaining_time":4.603059281},
{"learn":[109.4754012],"iteration":35,"passed_time":0.1675076703,"remaining_time":4.485483171},
{"learn":[106.9550109],"iteration":36,"passed_time":0.1680334921,"remaining_time":4.373412239},
{"learn":[104.5699803],"iteration":37,"passed_time":0.1687600531,"remaining_time":4.272293976},
{"learn":[102.1246469],"iteration":38,"passed_time":0.1694645879,"remaining_time":4.175781256},
{"learn":[99.90732542],"iteration":39,"passed_time":0.1701461723,"remaining_time":4.083508136},
{"learn":[97.48902854],"iteration":40,"passed_time":0.1708192887,"remaining_time":3.995504826},
{"learn":[95.43508589],"iteration":41,"passed_time":0.1715169181,"remaining_time":3.912219226},
{"learn":[93.41345616],"iteration":42,"passed_time":0.1722057067,"remaining_time":3.832578171},
{"learn":[91.35977749],"iteration":43,"passed_time":0.1728910592,"remaining_time":3.756451195},
{"learn":[89.27069893],"iteration":44,"passed_time":0.1735574394,"remaining_time":3.683274548},
{"learn":[87.35804449],"iteration":45,"passed_time":0.1742439471,"remaining_time":3.613667947},
{"learn":[85.68396476],"iteration":46,"passed_time":0.1749415044,"remaining_time":3.547218164},
{"learn":[83.46477788],"iteration":47,"passed_time":0.175659593,"remaining_time":3.483915262},
{"learn":[81.71618255],"iteration":48,"passed_time":0.1763397286,"remaining_time":3.422430243},
{"learn":[79.99476151],"iteration":49,"passed_time":0.1770298706,"remaining_time":3.363567541},
{"learn":[78.0471266],"iteration":50,"passed_time":0.1777206536,"remaining_time":3.306998044},
{"learn":[76.72444152],"iteration":51,"passed_time":0.1784536875,"remaining_time":3.253347995},
{"learn":[75.19413131],"iteration":52,"passed_time":0.179169304,"remaining_time":3.201383603},
{"learn":[73.62949248],"iteration":53,"passed_time":0.1801324345,"remaining_time":3.15565339},
{"learn":[71.99224744],"iteration":54,"passed_time":0.1808390453,"remaining_time":3.107143597},
{"learn":[70.70426091],"iteration":55,"passed_time":0.1815288581,"remaining_time":3.060057893},
{"learn":[69.34933987],"iteration":56,"passed_time":0.1822385064,"remaining_time":3.014928273},
{"learn":[67.80381615],"iteration":57,"passed_time":0.1829306801,"remaining_time":2.971046562},
{"learn":[66.28795847],"iteration":58,"passed_time":0.1836703588,"remaining_time":2.929386571},
{"learn":[64.81434337],"iteration":59,"passed_time":0.184369206,"remaining_time":2.888450894},
{"learn":[63.41065099],"iteration":60,"passed_time":0.1850782672,"remaining_time":2.848991687},
{"learn":[62.40338408],"iteration":61,"passed_time":0.185785724,"remaining_time":2.810758212},
{"learn":[61.20313654],"iteration":62,"passed_time":0.1864870007,"remaining_time":2.773624121},
{"learn":[60.05216731],"iteration":63,"passed_time":0.1872201432,"remaining_time":2.738094594},
{"learn":[58.84962165],"iteration":64,"passed_time":0.1879251184,"remaining_time":2.703230549},
{"learn":[57.7681231],"iteration":65,"passed_time":0.1886265332,"remaining_time":2.669351242},
{"learn":[56.56571072],"iteration":66,"passed_time":0.1893371431,"remaining_time":2.636590365},
{"learn":[55.47566032],"iteration":67,"passed_time":0.1900302948,"remaining_time":2.604532864},
{"learn":[54.46005367],"iteration":68,"passed_time":0.1907197801,"remaining_time":2.573335003},
{"learn":[53.48787214],"iteration":69,"passed_time":0.1914240778,"remaining_time":2.543205604},
{"learn":[52.5313136],"iteration":70,"passed_time":0.1919059696,"remaining_time":2.51099501},
{"learn":[51.56967519],"iteration":71,"passed_time":0.1926144826,"remaining_time":2.482586665},
{"learn":[50.58759147],"iteration":72,"passed_time":0.1933175869,"remaining_time":2.454868535},
{"learn":[49.71280082],"iteration":73,"passed_time":0.1940558455,"remaining_time":2.428320445},
{"learn":[48.86318796],"iteration":74,"passed_time":0.1947625223,"remaining_time":2.402071109},
{"learn":[47.84379728],"iteration":75,"passed_time":0.1954613295,"remaining_time":2.37639827},
{"learn":[47.02084261],"iteration":76,"passed_time":0.1963117526,"remaining_time":2.353191528},
{"learn":[46.22697306],"iteration":77,"passed_time":0.1970495257,"remaining_time":2.329226445},
{"learn":[45.27772987],"iteration":78,"passed_time":0.1977662402,"remaining_time":2.305603889},
{"learn":[44.40543375],"iteration":79,"passed_time":0.1985902315,"remaining_time":2.283787662},
{"learn":[43.63232079],"iteration":80,"passed_time":0.19912414,"remaining_time":2.259198576},
{"learn":[42.78341912],"iteration":81,"passed_time":0.1998932404,"remaining_time":2.237829203},
{"learn":[42.00180169],"iteration":82,"passed_time":0.2004227242,"remaining_time":2.214308893},
{"learn":[41.22531516],"iteration":83,"passed_time":0.2011868405,"remaining_time":2.193894594},
{"learn":[40.41240199],"iteration":84,"passed_time":0.2019275798,"remaining_time":2.173691006},
{"learn":[39.93873305],"iteration":85,"passed_time":0.2026484888,"remaining_time":2.153729288},
{"learn":[39.32024459],"iteration":86,"passed_time":0.2033789117,"remaining_time":2.134309729},
{"learn":[38.52870769],"iteration":87,"passed_time":0.2041423974,"remaining_time":2.115657573},
{"learn":[37.91995239],"iteration":88,"passed_time":0.2049116072,"remaining_time":2.097466002},
{"learn":[37.33492919],"iteration":89,"passed_time":0.2056699793,"remaining_time":2.079552013},
{"learn":[36.69595562],"iteration":90,"passed_time":0.2064158722,"remaining_time":2.061890415},
{"learn":[36.06466583],"iteration":91,"passed_time":0.2071784536,"remaining_time":2.044761259},
{"learn":[35.54439206],"iteration":92,"passed_time":0.2079419401,"remaining_time":2.0279929},
{"learn":[34.97739671],"iteration":93,"passed_time":0.2086969612,"remaining_time":2.011483477},
{"learn":[34.39932838],"iteration":94,"passed_time":0.2094768861,"remaining_time":1.995542968},
{"learn":[33.82857569],"iteration":95,"passed_time":0.210244304,"remaining_time":1.979800529},
{"learn":[33.24864358],"iteration":96,"passed_time":0.2114539568,"remaining_time":1.968483743},
{"learn":[32.80745856],"iteration":97,"passed_time":0.2122655383,"remaining_time":1.953709342},
{"learn":[32.28687687],"iteration":98,"passed_time":0.2130661848,"remaining_time":1.9391175},
{"learn":[31.74575214],"iteration":99,"passed_time":0.21384993,"remaining_time":1.92464937},
{"learn":[31.29865118],"iteration":100,"passed_time":0.2146431421,"remaining_time":1.910536482},
{"learn":[30.80619926],"iteration":101,"passed_time":0.2154289328,"remaining_time":1.896619428},
{"learn":[30.33632583],"iteration":102,"passed_time":0.2161935189,"remaining_time":1.882772684},
{"learn":[29.84644522],"iteration":103,"passed_time":0.2169959227,"remaining_time":1.869503334},
{"learn":[29.43360118],"iteration":104,"passed_time":0.2177968984,"remaining_time":1.856459277},
{"learn":[29.02879223],"iteration":105,"passed_time":0.2186124746,"remaining_time":1.843769361},
{"learn":[28.59767856],"iteration":106,"passed_time":0.2194271857,"remaining_time":1.831294176},
{"learn":[28.19073956],"iteration":107,"passed_time":0.2202399094,"remaining_time":1.819018511},
{"learn":[27.73735344],"iteration":108,"passed_time":0.2210262221,"remaining_time":1.806737283},
{"learn":[27.40978511],"iteration":109,"passed_time":0.2218031651,"remaining_time":1.794589245},
{"learn":[27.03189745],"iteration":110,"passed_time":0.2225830432,"remaining_time":1.782669598},
{"learn":[26.62466089],"iteration":111,"passed_time":0.2233877062,"remaining_time":1.771145385},
{"learn":[26.27765324],"iteration":112,"passed_time":0.2241521734,"remaining_time":1.759495378},
{"learn":[25.86939433],"iteration":113,"passed_time":0.2249492751,"remaining_time":1.74828998},
{"learn":[25.5105706],"iteration":114,"passed_time":0.2259140168,"remaining_time":1.738555695},
{"learn":[25.14042333],"iteration":115,"passed_time":0.2266892713,"remaining_time":1.727528585},
{"learn":[24.8718382],"iteration":116,"passed_time":0.2274832382,"remaining_time":1.716817943},
{"learn":[24.55792122],"iteration":117,"passed_time":0.2282552163,"remaining_time":1.706111023},
{"learn":[24.30005113],"iteration":118,"passed_time":0.2290086321,"remaining_time":1.695433655},
{"learn":[23.94210156],"iteration":119,"passed_time":0.2298103488,"remaining_time":1.685275891},
{"learn":[23.64521614],"iteration":120,"passed_time":0.2306368382,"remaining_time":1.675452734},
{"learn":[23.33459876],"iteration":121,"passed_time":0.2314477335,"remaining_time":1.665664836},
{"learn":[23.07071637],"iteration":122,"passed_time":0.2322173211,"remaining_time":1.655728379},
{"learn":[22.77441553],"iteration":123,"passed_time":0.2329775538,"remaining_time":1.645873687},
{"learn":[22.48397669],"iteration":124,"passed_time":0.2337412566,"remaining_time":1.636188796},
{"learn":[22.26107783],"iteration":125,"passed_time":0.2345277344,"remaining_time":1.626803491},
{"learn":[22.01851176],"iteration":126,"passed_time":0.2353238911,"remaining_time":1.617620133},
{"learn":[21.7789351],"iteration":127,"passed_time":0.2361220421,"remaining_time":1.608581412},
{"learn":[21.5096162],"iteration":128,"passed_time":0.236920769,"remaining_time":1.59967434},
{"learn":[21.27336283],"iteration":129,"passed_time":0.2376933351,"remaining_time":1.590716935},
{"learn":[21.02060127],"iteration":130,"passed_time":0.2384664502,"remaining_time":1.581888131},
{"learn":[20.78998641],"iteration":131,"passed_time":0.2392396617,"remaining_time":1.573182018},
{"learn":[20.61743957],"iteration":132,"passed_time":0.2401194677,"remaining_time":1.565290064},
{"learn":[20.38206026],"iteration":133,"passed_time":0.2409624094,"remaining_time":1.557264527},
{"learn":[20.20909356],"iteration":134,"passed_time":0.2418599412,"remaining_time":1.549695179},
{"learn":[19.99695847],"iteration":135,"passed_time":0.2427631475,"remaining_time":1.542259996},
{"learn":[19.76652815],"iteration":136,"passed_time":0.2436827189,"remaining_time":1.535023259},
{"learn":[19.62589019],"iteration":137,"passed_time":0.2446623269,"remaining_time":1.528253086},
{"learn":[19.43747532],"iteration":138,"passed_time":0.2459051559,"remaining_time":1.523196685},
{"learn":[19.21909678],"iteration":139,"passed_time":0.2469340979,"remaining_time":1.516880887},
{"learn":[19.04468149],"iteration":140,"passed_time":0.2482635195,"remaining_time":1.512470661},
{"learn":[18.87544162],"iteration":141,"passed_time":0.2493681974,"remaining_time":1.506745869},
{"learn":[18.69145137],"iteration":142,"passed_time":0.2503434532,"remaining_time":1.500310066},
{"learn":[18.54928361],"iteration":143,"passed_time":0.2513181236,"remaining_time":1.493946624},
{"learn":[18.39950572],"iteration":144,"passed_time":0.2523247732,"remaining_time":1.487846076},
{"learn":[18.21063521],"iteration":145,"passed_time":0.2532905503,"remaining_time":1.481576232},
{"learn":[18.06919906],"iteration":146,"passed_time":0.2543355629,"remaining_time":1.475838334},
{"learn":[17.88258469],"iteration":147,"passed_time":0.255809853,"remaining_time":1.4726351},
{"learn":[17.70708618],"iteration":148,"passed_time":0.257259224,"remaining_time":1.469312749},
{"learn":[17.55102237],"iteration":149,"passed_time":0.2582287956,"remaining_time":1.463296509},
{"learn":[17.39043816],"iteration":150,"passed_time":0.2591998661,"remaining_time":1.457355538},
{"learn":[17.25497115],"iteration":151,"passed_time":0.260234679,"remaining_time":1.451835578},
{"learn":[17.09355882],"iteration":152,"passed_time":0.2614328306,"remaining_time":1.447278481},
{"learn":[16.97582545],"iteration":153,"passed_time":0.2624718472,"remaining_time":1.441890797},
{"learn":[16.84856978],"iteration":154,"passed_time":0.263426097,"remaining_time":1.436097109},
{"learn":[16.71207356],"iteration":155,"passed_time":0.2644513735,"remaining_time":1.430749738},
{"learn":[16.5506061],"iteration":156,"passed_time":0.2654064814,"remaining_time":1.425080662},
{"learn":[16.40346823],"iteration":157,"passed_time":0.2663669309,"remaining_time":1.419499721},
{"learn":[16.26488782],"iteration":158,"passed_time":0.2673210166,"remaining_time":1.413943239},
{"learn":[16.14711311],"iteration":159,"passed_time":0.2679652777,"remaining_time":1.406817708},
{"learn":[16.02202071],"iteration":160,"passed_time":0.2690386474,"remaining_time":1.402008852},
{"learn":[15.89134508],"iteration":161,"passed_time":0.2700320654,"remaining_time":1.396832536},
{"learn":[15.75944364],"iteration":162,"passed_time":0.2710645539,"remaining_time":1.39190817},
{"learn":[15.74624489],"iteration":163,"passed_time":0.2713126377,"remaining_time":1.383032714},
{"learn":[15.62737664],"iteration":164,"passed_time":0.2722668188,"remaining_time":1.377835113},
{"learn":[15.49087054],"iteration":165,"passed_time":0.2732031149,"remaining_time":1.372598782},
{"learn":[15.35057582],"iteration":166,"passed_time":0.2741705975,"remaining_time":1.367569507},
{"learn":[15.21687853],"iteration":167,"passed_time":0.275093788,"remaining_time":1.362369236},
{"learn":[15.08667589],"iteration":168,"passed_time":0.2760026499,"remaining_time":1.357149125},
{"learn":[14.9877095],"iteration":169,"passed_time":0.2768903694,"remaining_time":1.351876509},
{"learn":[14.85312007],"iteration":170,"passed_time":0.2777677563,"remaining_time":1.346605088},
{"learn":[14.7450631],"iteration":171,"passed_time":0.2787917008,"remaining_time":1.34209028},
{"learn":[14.63306173],"iteration":172,"passed_time":0.2803746301,"remaining_time":1.340287972},
{"learn":[14.5225284],"iteration":173,"passed_time":0.2814278398,"remaining_time":1.335973538},
{"learn":[14.42351151],"iteration":174,"passed_time":0.2824027,"remaining_time":1.331327014},
{"learn":[14.33378173],"iteration":175,"passed_time":0.2836257081,"remaining_time":1.327883997},
{"learn":[14.21675444],"iteration":176,"passed_time":0.2846723563,"remaining_time":1.323646041},
{"learn":[14.11716683],"iteration":177,"passed_time":0.2856667177,"remaining_time":1.319202483},
{"learn":[14.03644278],"iteration":178,"passed_time":0.2863944704,"remaining_time":1.313574638},
{"learn":[13.90813144],"iteration":179,"passed_time":0.2874215397,"remaining_time":1.309364792},
{"learn":[13.84748605],"iteration":180,"passed_time":0.2884119897,"remaining_time":1.305024418},
{"learn":[13.77022407],"iteration":181,"passed_time":0.2893991846,"remaining_time":1.300706225},
{"learn":[13.68518283],"iteration":182,"passed_time":0.2908664785,"remaining_time":1.29856783},
{"learn":[13.56282741],"iteration":183,"passed_time":0.2919964603,"remaining_time":1.294940824},
{"learn":[13.47177167],"iteration":184,"passed_time":0.2929986725,"remaining_time":1.290777936},
{"learn":[13.37820307],"iteration":185,"passed_time":0.29397326,"remaining_time":1.286528138},
{"learn":[13.2994537],"iteration":186,"passed_time":0.294984405,"remaining_time":1.282472306},
{"learn":[13.22334921],"iteration":187,"passed_time":0.2960322489,"remaining_time":1.278607373},
{"learn":[13.12911098],"iteration":188,"passed_time":0.2970799628,"remaining_time":1.274771692},
{"learn":[13.07572239],"iteration":189,"passed_time":0.298107846,"remaining_time":1.270880817},
{"learn":[13.00740839],"iteration":190,"passed_time":0.2991165603,"remaining_time":1.266938729},
{"learn":[12.93844264],"iteration":191,"passed_time":0.3000853189,"remaining_time":1.26285905},
{"learn":[12.89273164],"iteration":192,"passed_time":0.3007610571,"remaining_time":1.257586389},
{"learn":[12.80909088],"iteration":193,"passed_time":0.3017467011,"remaining_time":1.253648665},
{"learn":[12.7200054],"iteration":194,"passed_time":0.3027335455,"remaining_time":1.249746175},
{"learn":[12.70156037],"iteration":195,"passed_time":0.3037534131,"remaining_time":1.246008899},
{"learn":[12.61289726],"iteration":196,"passed_time":0.3047122618,"remaining_time":1.242050488},
{"learn":[12.57413951],"iteration":197,"passed_time":0.3056812224,"remaining_time":1.238163335},
{"learn":[12.49878749],"iteration":198,"passed_time":0.3066028532,"remaining_time":1.234115002},
{"learn":[12.41683972],"iteration":199,"passed_time":0.3075613701,"remaining_time":1.23024548},
{"learn":[12.34950451],"iteration":200,"passed_time":0.308497657,"remaining_time":1.226316557},
{"learn":[12.28916202],"iteration":201,"passed_time":0.3094789106,"remaining_time":1.222594904},
{"learn":[12.22569078],"iteration":202,"passed_time":0.3103755937,"remaining_time":1.218568218},
{"learn":[12.17142127],"iteration":203,"passed_time":0.3113461282,"remaining_time":1.214860383},
{"learn":[12.09098667],"iteration":204,"passed_time":0.3125223083,"remaining_time":1.211976757},
{"learn":[11.99671889],"iteration":205,"passed_time":0.3141736476,"remaining_time":1.210941147},
{"learn":[11.92902779],"iteration":206,"passed_time":0.3154153461,"remaining_time":1.208330287},
{"learn":[11.85418191],"iteration":207,"passed_time":0.316361186,"remaining_time":1.204606055},
{"learn":[11.77887827],"iteration":208,"passed_time":0.3172921111,"remaining_time":1.200851961},
{"learn":[11.69397411],"iteration":209,"passed_time":0.3182222422,"remaining_time":1.197121768},
{"learn":[11.6568373],"iteration":210,"passed_time":0.3191366653,"remaining_time":1.193359379},
{"learn":[11.62584483],"iteration":211,"passed_time":0.320108732,"remaining_time":1.189838117},
{"learn":[11.57427102],"iteration":212,"passed_time":0.3211003968,"remaining_time":1.186413203},
{"learn":[11.50743502],"iteration":213,"passed_time":0.3220310638,"remaining_time":1.182786991},
{"learn":[11.44702316],"iteration":214,"passed_time":0.3229826865,"remaining_time":1.179262367},
{"learn":[11.37062869],"iteration":215,"passed_time":0.3239117318,"remaining_time":1.175679619},
{"learn":[11.34740301],"iteration":216,"passed_time":0.3243614582,"remaining_time":1.170391805},
{"learn":[11.29329219],"iteration":217,"passed_time":0.325315083,"remaining_time":1.16695594},
{"learn":[11.23143435],"iteration":218,"passed_time":0.3262901517,"remaining_time":1.163619217},
{"learn":[11.19302531],"iteration":219,"passed_time":0.3271967469,"remaining_time":1.160061194},
{"learn":[11.13812814],"iteration":220,"passed_time":0.3282057838,"remaining_time":1.156888261},
{"learn":[11.12067291],"iteration":221,"passed_time":0.3289360026,"remaining_time":1.152757703},
{"learn":[11.107662],"iteration":222,"passed_time":0.329859683,"remaining_time":1.14933172},
{"learn":[11.03889748],"iteration":223,"passed_time":0.3308365088,"remaining_time":1.146112191},
{"learn":[10.98835037],"iteration":224,"passed_time":0.3317106424,"remaining_time":1.142558879},
{"learn":[10.96458837],"iteration":225,"passed_time":0.3321307717,"remaining_time":1.137474413},
{"learn":[10.91643466],"iteration":226,"passed_time":0.3330293857,"remaining_time":1.134060419},
{"learn":[10.86586133],"iteration":227,"passed_time":0.3338682085,"remaining_time":1.130466039},
{"learn":[10.78246291],"iteration":228,"passed_time":0.334732773,"remaining_time":1.126982393},
{"learn":[10.76430913],"iteration":229,"passed_time":0.3355612741,"remaining_time":1.123400787},
{"learn":[10.73823824],"iteration":230,"passed_time":0.3364062962,"remaining_time":1.119898016},
{"learn":[10.72164971],"iteration":231,"passed_time":0.3373360126,"remaining_time":1.116698524},
{"learn":[10.70474711],"iteration":232,"passed_time":0.3383133565,"remaining_time":1.113675298},
{"learn":[10.67622024],"iteration":233,"passed_time":0.3387549475,"remaining_time":1.108915768},
{"learn":[10.63946615],"iteration":234,"passed_time":0.3397369376,"remaining_time":1.105952159},
{"learn":[10.61052897],"iteration":235,"passed_time":0.340760152,"remaining_time":1.103138797},
{"learn":[10.5789571],"iteration":236,"passed_time":0.3417763402,"remaining_time":1.100317922},
{"learn":[10.5144557],"iteration":237,"passed_time":0.3427844174,"remaining_time":1.097486244},
{"learn":[10.48097623],"iteration":238,"passed_time":0.3439018164,"remaining_time":1.095017918},
{"learn":[10.46430661],"iteration":239,"passed_time":0.3446634841,"remaining_time":1.091434366},
{"learn":[10.43858031],"iteration":240,"passed_time":0.3456138199,"remaining_time":1.08846842},
{"learn":[10.41263471],"iteration":241,"passed_time":0.3465507753,"remaining_time":1.085477222},
{"learn":[10.39596022],"iteration":242,"passed_time":0.3474180155,"remaining_time":1.082285752},
{"learn":[10.38637646],"iteration":243,"passed_time":0.348310105,"remaining_time":1.079190325},
{"learn":[10.32970007],"iteration":244,"passed_time":0.3492357019,"remaining_time":1.076216143},
{"learn":[10.31617274],"iteration":245,"passed_time":0.3501797208,"remaining_time":1.073315079},
{"learn":[10.3051354],"iteration":246,"passed_time":0.3506138348,"remaining_time":1.068875375},
{"learn":[10.27970984],"iteration":247,"passed_time":0.351471727,"remaining_time":1.065752979},
{"learn":[10.24356487],"iteration":248,"passed_time":0.3524290812,"remaining_time":1.062948755},
{"learn":[10.22824949],"iteration":249,"passed_time":0.3533827208,"remaining_time":1.060148163},
{"learn":[10.21889292],"iteration":250,"passed_time":0.3538598058,"remaining_time":1.055940217},
{"learn":[10.20600577],"iteration":251,"passed_time":0.354817596,"remaining_time":1.053188737},
{"learn":[10.19502447],"iteration":252,"passed_time":0.3554400498,"remaining_time":1.049461333},
{"learn":[10.17063986],"iteration":253,"passed_time":0.3563777787,"remaining_time":1.046684342},
{"learn":[10.160634],"iteration":254,"passed_time":0.3573464083,"remaining_time":1.044012056},
{"learn":[10.15082242],"iteration":255,"passed_time":0.3579645894,"remaining_time":1.040334588},
{"learn":[10.10211641],"iteration":256,"passed_time":0.3588979687,"remaining_time":1.037592182},
{"learn":[10.04045928],"iteration":257,"passed_time":0.3598291638,"remaining_time":1.034857518},
{"learn":[10.01142992],"iteration":258,"passed_time":0.3607760751,"remaining_time":1.032181744},
{"learn":[9.932891172],"iteration":259,"passed_time":0.3616814587,"remaining_time":1.029401075},
{"learn":[9.919982036],"iteration":260,"passed_time":0.3623118989,"remaining_time":1.025856296},
{"learn":[9.883737399],"iteration":261,"passed_time":0.363214013,"remaining_time":1.023099014},
{"learn":[9.873128246],"iteration":262,"passed_time":0.3638025727,"remaining_time":1.019477172},
{"learn":[9.817257856],"iteration":263,"passed_time":0.3647103072,"remaining_time":1.016768129},
{"learn":[9.759329322],"iteration":264,"passed_time":0.3656716678,"remaining_time":1.014221418},
{"learn":[9.716164984],"iteration":265,"passed_time":0.3666199681,"remaining_time":1.011650589},
{"learn":[9.674819801],"iteration":266,"passed_time":0.3675009506,"remaining_time":1.008907104},
{"learn":[9.66642068],"iteration":267,"passed_time":0.3683610249,"remaining_time":1.006120411},
{"learn":[9.658467999],"iteration":268,"passed_time":0.3692902139,"remaining_time":1.00353586},
{"learn":[9.609348561],"iteration":269,"passed_time":0.3701382075,"remaining_time":1.000744043},
{"learn":[9.558156162],"iteration":270,"passed_time":0.3710138455,"remaining_time":0.998040935},
{"learn":[9.500967669],"iteration":271,"passed_time":0.3718858215,"remaining_time":0.9953414633},
{"learn":[9.494154966],"iteration":272,"passed_time":0.3723217421,"remaining_time":0.991494163},
{"learn":[9.421854891],"iteration":273,"passed_time":0.3731891726,"remaining_time":0.9888151069},
{"learn":[9.380077136],"iteration":274,"passed_time":0.3740942434,"remaining_time":0.9862484599},
{"learn":[9.311632742],"iteration":275,"passed_time":0.3749910442,"remaining_time":0.9836721594},
{"learn":[9.265346781],"iteration":276,"passed_time":0.3758502681,"remaining_time":0.9810099055},
{"learn":[9.235822799],"iteration":277,"passed_time":0.3767407089,"remaining_time":0.9784416972},
{"learn":[9.227870918],"iteration":278,"passed_time":0.3771980217,"remaining_time":0.9747662137},
{"learn":[9.187059966],"iteration":279,"passed_time":0.3781209294,"remaining_time":0.9723109613},
{"learn":[9.146871474],"iteration":280,"passed_time":0.378987639,"remaining_time":0.96972282},
{"learn":[9.076078233],"iteration":281,"passed_time":0.3798415617,"remaining_time":0.9671143308},
{"learn":[9.014434628],"iteration":282,"passed_time":0.3807342609,"remaining_time":0.9646164843},
{"learn":[8.988719729],"iteration":283,"passed_time":0.3816146684,"remaining_time":0.9620989528},
{"learn":[8.950487487],"iteration":284,"passed_time":0.3824980935,"remaining_time":0.9596004802},
{"learn":[8.905617712],"iteration":285,"passed_time":0.3834638528,"remaining_time":0.9573188493},
{"learn":[8.86952672],"iteration":286,"passed_time":0.3843599031,"remaining_time":0.9548732088},
{"learn":[8.813043107],"iteration":287,"passed_time":0.3852528499,"remaining_time":0.9524306567},
{"learn":[8.804022422],"iteration":288,"passed_time":0.386109117,"remaining_time":0.9499085889},
{"learn":[8.746018292],"iteration":289,"passed_time":0.3870039322,"remaining_time":0.9474923856},
{"learn":[8.721912612],"iteration":290,"passed_time":0.3878851327,"remaining_time":0.9450534677},
{"learn":[8.673420243],"iteration":291,"passed_time":0.388760121,"remaining_time":0.9426101564},
{"learn":[8.665760255],"iteration":292,"passed_time":0.3891936564,"remaining_time":0.9391123382},
{"learn":[8.616828324],"iteration":293,"passed_time":0.3900753217,"remaining_time":0.9367114868},
{"learn":[8.608939612],"iteration":294,"passed_time":0.3909470605,"remaining_time":0.9342972123},
{"learn":[8.582565426],"iteration":295,"passed_time":0.3918479255,"remaining_time":0.9319626336},
{"learn":[8.566604383],"iteration":296,"passed_time":0.392457391,"remaining_time":0.9289479658},
{"learn":[8.511708956],"iteration":297,"passed_time":0.393347011,"remaining_time":0.9266094017},
{"learn":[8.485141015],"iteration":298,"passed_time":0.3942385376,"remaining_time":0.9242849994},
{"learn":[8.44230862],"iteration":299,"passed_time":0.3951231474,"remaining_time":0.9219540106},
{"learn":[8.427692305],"iteration":300,"passed_time":0.395740618,"remaining_time":0.9190122657},
{"learn":[8.42037456],"iteration":301,"passed_time":0.3966329063,"remaining_time":0.9167210882},
{"learn":[8.364077749],"iteration":302,"passed_time":0.3975151753,"remaining_time":0.9144160963},
{"learn":[8.318058381],"iteration":303,"passed_time":0.3985273197,"remaining_time":0.9124178109},
{"learn":[8.269690204],"iteration":304,"passed_time":0.3995952705,"remaining_time":0.9105531575},
{"learn":[8.231067908],"iteration":305,"passed_time":0.4006181136,"remaining_time":0.908591408},
{"learn":[8.207248238],"iteration":306,"passed_time":0.4016021485,"remaining_time":0.9065481723},
{"learn":[8.197093271],"iteration":307,"passed_time":0.4022712505,"remaining_time":0.9038042382},
{"learn":[8.139671527],"iteration":308,"passed_time":0.4031761199,"remaining_time":0.9016009671},
{"learn":[8.10782386],"iteration":309,"passed_time":0.4040662619,"remaining_time":0.8993732926},
{"learn":[8.067665442],"iteration":310,"passed_time":0.4049549629,"remaining_time":0.8971510271},
{"learn":[8.029096954],"iteration":311,"passed_time":0.4058439262,"remaining_time":0.8949378886},
{"learn":[8.018478292],"iteration":312,"passed_time":0.4067425963,"remaining_time":0.8927545164},
{"learn":[7.979988428],"iteration":313,"passed_time":0.4076298754,"remaining_time":0.8905544411},
{"learn":[7.953985266],"iteration":314,"passed_time":0.4085142915,"remaining_time":0.8883564752},
{"learn":[7.904070266],"iteration":315,"passed_time":0.4094135635,"remaining_time":0.8861989792},
{"learn":[7.89793449],"iteration":316,"passed_time":0.4103264154,"remaining_time":0.8840786804},
{"learn":[7.891853359],"iteration":317,"passed_time":0.4112209543,"remaining_time":0.8819267007},
{"learn":[7.854198211],"iteration":318,"passed_time":0.412152605,"remaining_time":0.8798618308},
{"learn":[7.826233275],"iteration":319,"passed_time":0.4130559022,"remaining_time":0.8777437921},
{"learn":[7.781295133],"iteration":320,"passed_time":0.4139733959,"remaining_time":0.8756633513},
{"learn":[7.746086777],"iteration":321,"passed_time":0.4148661915,"remaining_time":0.8735381299},
{"learn":[7.711428281],"iteration":322,"passed_time":0.4158905442,"remaining_time":0.8716962799},
{"learn":[7.69963612],"iteration":323,"passed_time":0.416531462,"remaining_time":0.8690594702},
{"learn":[7.694136096],"iteration":324,"passed_time":0.4174396581,"remaining_time":0.8669900592},
{"learn":[7.656554952],"iteration":325,"passed_time":0.4183439507,"remaining_time":0.8649197017},
{"learn":[7.611155929],"iteration":326,"passed_time":0.4192657553,"remaining_time":0.8628925178},
{"learn":[7.566741321],"iteration":327,"passed_time":0.4201884024,"remaining_time":0.8608738001},
{"learn":[7.52125436],"iteration":328,"passed_time":0.4211168589,"remaining_time":0.8588735936},
{"learn":[7.483233439],"iteration":329,"passed_time":0.4220422691,"remaining_time":0.8568736978},
{"learn":[7.451592661],"iteration":330,"passed_time":0.4229508612,"remaining_time":0.8548463026},
{"learn":[7.427181801],"iteration":331,"passed_time":0.4238752552,"remaining_time":0.8528574411},
{"learn":[7.382200419],"iteration":332,"passed_time":0.4247820997,"remaining_time":0.8508398213},
{"learn":[7.342948409],"iteration":333,"passed_time":0.4257271531,"remaining_time":0.8489050418},
{"learn":[7.322611651],"iteration":334,"passed_time":0.4266677614,"remaining_time":0.8469673472},
{"learn":[7.291152453],"iteration":335,"passed_time":0.4276055905,"remaining_time":0.8450300956},
{"learn":[7.271337054],"iteration":336,"passed_time":0.4285147777,"remaining_time":0.8430424262},
{"learn":[7.23260185],"iteration":337,"passed_time":0.4294383812,"remaining_time":0.8410893739},
{"learn":[7.190421409],"iteration":338,"passed_time":0.4303685262,"remaining_time":0.8391551499},
{"learn":[7.166293884],"iteration":339,"passed_time":0.4312780652,"remaining_time":0.8371868324},
{"learn":[7.144629532],"iteration":340,"passed_time":0.4321843269,"remaining_time":0.8352183912},
{"learn":[7.106215622],"iteration":341,"passed_time":0.4330953564,"remaining_time":0.8332653348},
{"learn":[7.083333293],"iteration":342,"passed_time":0.4339975287,"remaining_time":0.8313013887},
{"learn":[7.060966819],"iteration":343,"passed_time":0.4349290521,"remaining_time":0.8293995878},
{"learn":[7.023424567],"iteration":344,"passed_time":0.4358703727,"remaining_time":0.8275220119},
{"learn":[7.008872619],"iteration":345,"passed_time":0.4367774153,"remaining_time":0.8255850566},
{"learn":[6.96703122],"iteration":346,"passed_time":0.4377054322,"remaining_time":0.8236935078},
{"learn":[6.944125612],"iteration":347,"passed_time":0.4386255178,"remaining_time":0.8217926368},
{"learn":[6.938072922],"iteration":348,"passed_time":0.4395470514,"remaining_time":0.8199000873},
{"learn":[6.932754857],"iteration":349,"passed_time":0.4404373506,"remaining_time":0.8179550797},
{"learn":[6.908096218],"iteration":350,"passed_time":0.4413728246,"remaining_time":0.8160996101},
{"learn":[6.869759142],"iteration":351,"passed_time":0.4423579213,"remaining_time":0.8143407188},
{"learn":[6.837906852],"iteration":352,"passed_time":0.4433703745,"remaining_time":0.8126363521},
{"learn":[6.818757893],"iteration":353,"passed_time":0.4443771344,"remaining_time":0.8109255051},
{"learn":[6.802842441],"iteration":354,"passed_time":0.4455444655,"remaining_time":0.8095103669},
{"learn":[6.768771787],"iteration":355,"passed_time":0.4464804076,"remaining_time":0.8076780407},
{"learn":[6.740946114],"iteration":356,"passed_time":0.4474103415,"remaining_time":0.8058399149},
{"learn":[6.718367874],"iteration":357,"passed_time":0.4483136604,"remaining_time":0.803959134},
{"learn":[6.690941993],"iteration":358,"passed_time":0.4492182118,"remaining_time":0.8020859993},
{"learn":[6.655035278],"iteration":359,"passed_time":0.4501404698,"remaining_time":0.8002497241},
{"learn":[6.61671654],"iteration":360,"passed_time":0.4510513612,"remaining_time":0.7983983928},
{"learn":[6.611483562],"iteration":361,"passed_time":0.4519576012,"remaining_time":0.7965440595},
{"learn":[6.604952248],"iteration":362,"passed_time":0.4528492772,"remaining_time":0.7946693927},
{"learn":[6.598106183],"iteration":363,"passed_time":0.4537430161,"remaining_time":0.7928037315},
{"learn":[6.565110492],"iteration":364,"passed_time":0.4546663643,"remaining_time":0.7909949077},
{"learn":[6.54820024],"iteration":365,"passed_time":0.455600352,"remaining_time":0.7892093529},
{"learn":[6.5181137],"iteration":366,"passed_time":0.4566647259,"remaining_time":0.7876533283},
{"learn":[6.502096606],"iteration":367,"passed_time":0.4578836108,"remaining_time":0.7863653316},
{"learn":[6.495580206],"iteration":368,"passed_time":0.4591714907,"remaining_time":0.7851956927},
{"learn":[6.45954134],"iteration":369,"passed_time":0.4602883899,"remaining_time":0.7837342854},
{"learn":[6.445820464],"iteration":370,"passed_time":0.4613794457,"remaining_time":0.7822309201},
{"learn":[6.437375211],"iteration":371,"passed_time":0.4625172402,"remaining_time":0.7808086744},
{"learn":[6.406314443],"iteration":372,"passed_time":0.4636611853,"remaining_time":0.7793982928},
{"learn":[6.372617015],"iteration":373,"passed_time":0.4647480059,"remaining_time":0.7778937211},
{"learn":[6.337631476],"iteration":374,"passed_time":0.465805933,"remaining_time":0.7763432216},
{"learn":[6.315915004],"iteration":375,"passed_time":0.4668306006,"remaining_time":0.7747401456},
{"learn":[6.284517304],"iteration":376,"passed_time":0.467873148,"remaining_time":0.773169685},
{"learn":[6.26123117],"iteration":377,"passed_time":0.4688857806,"remaining_time":0.7715527924},
{"learn":[6.24654675],"iteration":378,"passed_time":0.4701011042,"remaining_time":0.7702712024},
{"learn":[6.239770752],"iteration":379,"passed_time":0.4714367502,"remaining_time":0.7691862767},
{"learn":[6.211387255],"iteration":380,"passed_time":0.4726045878,"remaining_time":0.7678274011},
{"learn":[6.179136492],"iteration":381,"passed_time":0.4736732713,"remaining_time":0.7663091143},
{"learn":[6.175516773],"iteration":382,"passed_time":0.4747363723,"remaining_time":0.7647841819},
{"learn":[6.171968607],"iteration":383,"passed_time":0.475776155,"remaining_time":0.7632242486},
{"learn":[6.157893457],"iteration":384,"passed_time":0.476950937,"remaining_time":0.7618826656},
{"learn":[6.13931854],"iteration":385,"passed_time":0.4781602338,"remaining_time":0.7605968485},
{"learn":[6.113752251],"iteration":386,"passed_time":0.4793050987,"remaining_time":0.7592093683},
{"learn":[6.109571019],"iteration":387,"passed_time":0.4804354253,"remaining_time":0.757800207},
{"learn":[6.089378172],"iteration":388,"passed_time":0.4815255214,"remaining_time":0.7563292894},
{"learn":[6.069445154],"iteration":389,"passed_time":0.4826197742,"remaining_time":0.7548668263},
{"learn":[6.043588604],"iteration":390,"passed_time":0.4837969037,"remaining_time":0.7535353308},
{"learn":[6.016227036],"iteration":391,"passed_time":0.484865361,"remaining_time":0.7520360701},
{"learn":[6.012320519],"iteration":392,"passed_time":0.485847157,"remaining_time":0.7504051509},
{"learn":[5.987590203],"iteration":393,"passed_time":0.4869717373,"remaining_time":0.7489971391},
{"learn":[5.970213853],"iteration":394,"passed_time":0.4880054006,"remaining_time":0.7474513099},
{"learn":[5.966940875],"iteration":395,"passed_time":0.4890117427,"remaining_time":0.7458663955},
{"learn":[5.961922916],"iteration":396,"passed_time":0.4901650111,"remaining_time":0.7445075609},
{"learn":[5.939875802],"iteration":397,"passed_time":0.4912761501,"remaining_time":0.7430860361},
{"learn":[5.911324011],"iteration":398,"passed_time":0.4924194681,"remaining_time":0.7417145371},
{"learn":[5.887805997],"iteration":399,"passed_time":0.493518916,"remaining_time":0.740278374},
{"learn":[5.88296348],"iteration":400,"passed_time":0.4946513434,"remaining_time":0.7388931538},
{"learn":[5.879345007],"iteration":401,"passed_time":0.495779009,"remaining_time":0.7375021079},
{"learn":[5.857435034],"iteration":402,"passed_time":0.4969575013,"remaining_time":0.7361876633},
{"learn":[5.853784528],"iteration":403,"passed_time":0.4980380379,"remaining_time":0.7347293827},
{"learn":[5.833461515],"iteration":404,"passed_time":0.4993466363,"remaining_time":0.7336080212},
{"learn":[5.814824617],"iteration":405,"passed_time":0.5005774129,"remaining_time":0.73237188},
{"learn":[5.788509952],"iteration":406,"passed_time":0.5018134876,"remaining_time":0.7311434843},
{"learn":[5.761832404],"iteration":407,"passed_time":0.5030179049,"remaining_time":0.7298691169},
{"learn":[5.734043874],"iteration":408,"passed_time":0.5042600633,"remaining_time":0.7286496269},
{"learn":[5.718786511],"iteration":409,"passed_time":0.5054526011,"remaining_time":0.727358621},
{"learn":[5.701942011],"iteration":410,"passed_time":0.5066770759,"remaining_time":0.726113863},
{"learn":[5.683728885],"iteration":411,"passed_time":0.5078907552,"remaining_time":0.7248537962},
{"learn":[5.671428228],"iteration":412,"passed_time":0.5090169715,"remaining_time":0.7234696424},
{"learn":[5.661168907],"iteration":413,"passed_time":0.5101736926,"remaining_time":0.7221299127},
{"learn":[5.651065183],"iteration":414,"passed_time":0.511326696,"remaining_time":0.7207858245},
{"learn":[5.631188141],"iteration":415,"passed_time":0.5126657931,"remaining_time":0.7197039018},
{"learn":[5.607474178],"iteration":416,"passed_time":0.5137873667,"remaining_time":0.7183166302},
{"learn":[5.595210349],"iteration":417,"passed_time":0.5149393629,"remaining_time":0.7169729886},
{"learn":[5.56949972],"iteration":418,"passed_time":0.5160930838,"remaining_time":0.7156326532},
{"learn":[5.560688257],"iteration":419,"passed_time":0.5173308532,"remaining_time":0.7144092734},
{"learn":[5.537318509],"iteration":420,"passed_time":0.5184122918,"remaining_time":0.7129708241},
{"learn":[5.522106215],"iteration":421,"passed_time":0.5195002428,"remaining_time":0.7115429866},
{"learn":[5.50249765],"iteration":422,"passed_time":0.520638677,"remaining_time":0.7101856186},
{"learn":[5.492685396],"iteration":423,"passed_time":0.5217567923,"remaining_time":0.7088016801},
{"learn":[5.480933949],"iteration":424,"passed_time":0.5228359526,"remaining_time":0.7073662888},
{"learn":[5.470181091],"iteration":425,"passed_time":0.5239871206,"remaining_time":0.7060295944},
{"learn":[5.457866812],"iteration":426,"passed_time":0.5250978158,"remaining_time":0.7046394577},
{"learn":[5.43628431],"iteration":427,"passed_time":0.526343952,"remaining_time":0.7034316368},
{"learn":[5.418477919],"iteration":428,"passed_time":0.5275447511,"remaining_time":0.7021632934},
{"learn":[5.39761201],"iteration":429,"passed_time":0.5287360137,"remaining_time":0.7008826229},
{"learn":[5.388551178],"iteration":430,"passed_time":0.5298655699,"remaining_time":0.6995209032},
{"learn":[5.368205392],"iteration":431,"passed_time":0.5310256177,"remaining_time":0.6982003492},
{"learn":[5.343891433],"iteration":432,"passed_time":0.5322133773,"remaining_time":0.6969168243},
{"learn":[5.334968235],"iteration":433,"passed_time":0.5333070546,"remaining_time":0.6955110436},
{"learn":[5.32407011],"iteration":434,"passed_time":0.5344393013,"remaining_time":0.6941567936},
{"learn":[5.312419326],"iteration":435,"passed_time":0.5355497328,"remaining_time":0.6927753425},
{"learn":[5.302181043],"iteration":436,"passed_time":0.5366408886,"remaining_time":0.6913702981},
{"learn":[5.280667636],"iteration":437,"passed_time":0.5376966459,"remaining_time":0.6899212671},
{"learn":[5.267197264],"iteration":438,"passed_time":0.5388467095,"remaining_time":0.6885945422},
{"learn":[5.246756419],"iteration":439,"passed_time":0.5399785241,"remaining_time":0.6872453942},
{"learn":[5.244441561],"iteration":440,"passed_time":0.5412185353,"remaining_time":0.6860343792},
{"learn":[5.240836834],"iteration":441,"passed_time":0.5424417476,"remaining_time":0.6848020252},
{"learn":[5.227434134],"iteration":442,"passed_time":0.5435946815,"remaining_time":0.683481349},
{"learn":[5.221988945],"iteration":443,"passed_time":0.5448205986,"remaining_time":0.6822528217},
{"learn":[5.202819805],"iteration":444,"passed_time":0.5461064177,"remaining_time":0.6810990154},
{"learn":[5.185597202],"iteration":445,"passed_time":0.5473264509,"remaining_time":0.6798629009},
{"learn":[5.175106336],"iteration":446,"passed_time":0.5486208467,"remaining_time":0.6787188551},
{"learn":[5.154735948],"iteration":447,"passed_time":0.5497416212,"remaining_time":0.6773602118},
{"learn":[5.139144228],"iteration":448,"passed_time":0.5509001238,"remaining_time":0.6760489269},
{"learn":[5.126258304],"iteration":449,"passed_time":0.5523759617,"remaining_time":0.6751261755},
{"learn":[5.1139737],"iteration":450,"passed_time":0.5537526036,"remaining_time":0.6740802203},
{"learn":[5.106174056],"iteration":451,"passed_time":0.5550064101,"remaining_time":0.6728838777},
{"learn":[5.09014281],"iteration":452,"passed_time":0.5563279738,"remaining_time":0.6717690986},
{"learn":[5.087777252],"iteration":453,"passed_time":0.5576482819,"remaining_time":0.6706518985},
{"learn":[5.07182586],"iteration":454,"passed_time":0.5592233434,"remaining_time":0.6698389498},
{"learn":[5.053602713],"iteration":455,"passed_time":0.5612287977,"remaining_time":0.6695361095},
{"learn":[5.043408401],"iteration":456,"passed_time":0.572222697,"remaining_time":0.6799057428},
{"learn":[5.027839563],"iteration":457,"passed_time":0.5751957078,"remaining_time":0.6806901171},
{"learn":[5.017935389],"iteration":458,"passed_time":0.5778888715,"remaining_time":0.6811282777},
{"learn":[5.008355205],"iteration":459,"passed_time":0.5815848967,"remaining_time":0.6827300962},
{"learn":[5.006314351],"iteration":460,"passed_time":0.5834781296,"remaining_time":0.6822011104},
{"learn":[4.989956977],"iteration":461,"passed_time":0.5858020789,"remaining_time":0.6821677889},
{"learn":[4.988474526],"iteration":462,"passed_time":0.5941318148,"remaining_time":0.6890902474},
{"learn":[4.986984803],"iteration":463,"passed_time":0.596383471,"remaining_time":0.6889257337},
{"learn":[4.982024512],"iteration":464,"passed_time":0.598941522,"remaining_time":0.6891047618},
{"learn":[4.963304553],"iteration":465,"passed_time":0.6017787112,"remaining_time":0.6895919137},
{"learn":[4.946547745],"iteration":466,"passed_time":0.6047082615,"remaining_time":0.6901702428},
{"learn":[4.934521769],"iteration":467,"passed_time":0.6072529224,"remaining_time":0.6902960571},
{"learn":[4.925316243],"iteration":468,"passed_time":0.6195881828,"remaining_time":0.7014953626},
{"learn":[4.906462254],"iteration":469,"passed_time":0.6242965362,"remaining_time":0.7039939663},
{"learn":[4.891612932],"iteration":470,"passed_time":0.626932799,"remaining_time":0.7041347148},
{"learn":[4.88561621],"iteration":471,"passed_time":0.630815211,"remaining_time":0.7056576937},
{"learn":[4.870191325],"iteration":472,"passed_time":0.6337913566,"remaining_time":0.7061480865},
{"learn":[4.860614037],"iteration":473,"passed_time":0.6366638844,"remaining_time":0.7065088675},
{"learn":[4.844684461],"iteration":474,"passed_time":0.6402281315,"remaining_time":0.7076205664},
{"learn":[4.829090583],"iteration":475,"passed_time":0.6416740046,"remaining_time":0.7063806269},
{"learn":[4.82701537],"iteration":476,"passed_time":0.6430799768,"remaining_time":0.7050960752},
{"learn":[4.818431249],"iteration":477,"passed_time":0.6452397392,"remaining_time":0.7046341922},
{"learn":[4.803540166],"iteration":478,"passed_time":0.6470716309,"remaining_time":0.7038086006},
{"learn":[4.788874035],"iteration":479,"passed_time":0.6488887722,"remaining_time":0.7029628366},
{"learn":[4.769750177],"iteration":480,"passed_time":0.6502080029,"remaining_time":0.7015757869},
{"learn":[4.754290974],"iteration":481,"passed_time":0.6514169209,"remaining_time":0.7000704668},
{"learn":[4.744046802],"iteration":482,"passed_time":0.652518923,"remaining_time":0.6984519321},
{"learn":[4.730799009],"iteration":483,"passed_time":0.653686989,"remaining_time":0.6969059634},
{"learn":[4.713571713],"iteration":484,"passed_time":0.6547751272,"remaining_time":0.6952766814},
{"learn":[4.70401163],"iteration":485,"passed_time":0.6558552334,"remaining_time":0.6936411316},
{"learn":[4.697813457],"iteration":486,"passed_time":0.6572011021,"remaining_time":0.6922878139},
{"learn":[4.684506596],"iteration":487,"passed_time":0.6586456553,"remaining_time":0.6910380646},
{"learn":[4.679756746],"iteration":488,"passed_time":0.6599924048,"remaining_time":0.6896853147},
{"learn":[4.667743196],"iteration":489,"passed_time":0.6612062405,"remaining_time":0.6881942503},
{"learn":[4.653223141],"iteration":490,"passed_time":0.6623576595,"remaining_time":0.6866396104},
{"learn":[4.643452587],"iteration":491,"passed_time":0.6635033041,"remaining_time":0.6850806473},
{"learn":[4.626727551],"iteration":492,"passed_time":0.6648516501,"remaining_time":0.6837318187},
{"learn":[4.621124878],"iteration":493,"passed_time":0.666272492,"remaining_time":0.6824572489},
{"learn":[4.614612286],"iteration":494,"passed_time":0.6676204324,"remaining_time":0.6811077138},
{"learn":[4.613491908],"iteration":495,"passed_time":0.6692787028,"remaining_time":0.6800735206},
{"learn":[4.603019388],"iteration":496,"passed_time":0.6708511545,"remaining_time":0.6789499612},
{"learn":[4.600750045],"iteration":497,"passed_time":0.6723332795,"remaining_time":0.6777335468},
{"learn":[4.595959734],"iteration":498,"passed_time":0.6739383267,"remaining_time":0.6766394823},
{"learn":[4.580988256],"iteration":499,"passed_time":0.6756854359,"remaining_time":0.6756854359},
{"learn":[4.575758451],"iteration":500,"passed_time":0.6778076709,"remaining_time":0.6751018519},
{"learn":[4.562154496],"iteration":501,"passed_time":0.680292264,"remaining_time":0.6748716085},
{"learn":[4.548005959],"iteration":502,"passed_time":0.6821078128,"remaining_time":0.6739713379},
{"learn":[4.53248854],"iteration":503,"passed_time":0.6835936219,"remaining_time":0.6727429295},
{"learn":[4.527030608],"iteration":504,"passed_time":0.6858193783,"remaining_time":0.6722387966},
{"learn":[4.511985242],"iteration":505,"passed_time":0.6880693589,"remaining_time":0.6717515085},
{"learn":[4.510645001],"iteration":506,"passed_time":0.6899731307,"remaining_time":0.6709206182},
{"learn":[4.502979892],"iteration":507,"passed_time":0.6919976423,"remaining_time":0.6702024409},
{"learn":[4.488198881],"iteration":508,"passed_time":0.6960159345,"remaining_time":0.6714024044},
{"learn":[4.48707448],"iteration":509,"passed_time":0.6988350601,"remaining_time":0.6714297636},
{"learn":[4.47296088],"iteration":510,"passed_time":0.7020946805,"remaining_time":0.6718675122},
{"learn":[4.463944057],"iteration":511,"passed_time":0.7045454151,"remaining_time":0.6715198488},
{"learn":[4.446844053],"iteration":512,"passed_time":0.7078068022,"remaining_time":0.671933553},
{"learn":[4.433424668],"iteration":513,"passed_time":0.7095360737,"remaining_time":0.6708843031},
{"learn":[4.419342618],"iteration":514,"passed_time":0.7114157146,"remaining_time":0.6699740225},
{"learn":[4.401509093],"iteration":515,"passed_time":0.7137395305,"remaining_time":0.6694766139},
{"learn":[4.389224098],"iteration":516,"passed_time":0.7156473031,"remaining_time":0.6685834572},
{"learn":[4.380298208],"iteration":517,"passed_time":0.7178189342,"remaining_time":0.667931904},
{"learn":[4.368765202],"iteration":518,"passed_time":0.7196360968,"remaining_time":0.666945978},
{"learn":[4.358394079],"iteration":519,"passed_time":0.721507459,"remaining_time":0.6660068852},
{"learn":[4.350357338],"iteration":520,"passed_time":0.7240520122,"remaining_time":0.665683136},
{"learn":[4.342745543],"iteration":521,"passed_time":0.7266136353,"remaining_time":0.665366509},
{"learn":[4.326080306],"iteration":522,"passed_time":0.7298259873,"remaining_time":0.6656347914},
{"learn":[4.324992998],"iteration":523,"passed_time":0.7325721383,"remaining_time":0.6654662936},
{"learn":[4.322388684],"iteration":524,"passed_time":0.7353126656,"remaining_time":0.6652828879},
{"learn":[4.319108969],"iteration":525,"passed_time":0.7373032267,"remaining_time":0.6644139343},
{"learn":[4.305948746],"iteration":526,"passed_time":0.7389076833,"remaining_time":0.6631941825},
{"learn":[4.300854617],"iteration":527,"passed_time":0.7403331236,"remaining_time":0.6618129438},
{"learn":[4.288785628],"iteration":528,"passed_time":0.7417576906,"remaining_time":0.6604307604},
{"learn":[4.282209869],"iteration":529,"passed_time":0.7430572159,"remaining_time":0.6589375311},
{"learn":[4.275928984],"iteration":530,"passed_time":0.7449385853,"remaining_time":0.6579589388},
{"learn":[4.261590458],"iteration":531,"passed_time":0.7466015393,"remaining_time":0.6567848128},
{"learn":[4.246887483],"iteration":532,"passed_time":0.7481355125,"remaining_time":0.655495843},
{"learn":[4.233097413],"iteration":533,"passed_time":0.7494590953,"remaining_time":0.6540223565},
{"learn":[4.218389681],"iteration":534,"passed_time":0.7506659134,"remaining_time":0.6524479434},
{"learn":[4.215701975],"iteration":535,"passed_time":0.7518770121,"remaining_time":0.6508786075},
{"learn":[4.208447696],"iteration":536,"passed_time":0.7530173564,"remaining_time":0.6492496015},
{"learn":[4.193891667],"iteration":537,"passed_time":0.7542205958,"remaining_time":0.6476764224},
{"learn":[4.180859355],"iteration":538,"passed_time":0.755426363,"remaining_time":0.646106778},
{"learn":[4.170098212],"iteration":539,"passed_time":0.7566152365,"remaining_time":0.6445240904},
{"learn":[4.159843264],"iteration":540,"passed_time":0.7578925241,"remaining_time":0.6430178717},
{"learn":[4.152816483],"iteration":541,"passed_time":0.7590056149,"remaining_time":0.6413737484},
{"learn":[4.140163168],"iteration":542,"passed_time":0.7603235278,"remaining_time":0.6399039636},
{"learn":[4.128522985],"iteration":543,"passed_time":0.7616091915,"remaining_time":0.6384077046},
{"learn":[4.112950615],"iteration":544,"passed_time":0.7628558063,"remaining_time":0.6368796181},
{"learn":[4.10580591],"iteration":545,"passed_time":0.7640709344,"remaining_time":0.6353263814},
{"learn":[4.099603322],"iteration":546,"passed_time":0.7652314787,"remaining_time":0.633729177},
{"learn":[4.084766827],"iteration":547,"passed_time":0.7664439076,"remaining_time":0.6321763618},
{"learn":[4.078583348],"iteration":548,"passed_time":0.767635982,"remaining_time":0.6306080653},
{"learn":[4.066637357],"iteration":549,"passed_time":0.768768772,"remaining_time":0.6289926316},
{"learn":[4.055489165],"iteration":550,"passed_time":0.7698995746,"remaining_time":0.6273773303},
{"learn":[4.043266074],"iteration":551,"passed_time":0.7711756357,"remaining_time":0.6258816754},
{"learn":[4.033677126],"iteration":552,"passed_time":0.7723292862,"remaining_time":0.6242878679},
{"learn":[4.029584903],"iteration":553,"passed_time":0.7734577115,"remaining_time":0.6226753417},
{"learn":[4.024277673],"iteration":554,"passed_time":0.7747171353,"remaining_time":0.6211695949},
{"learn":[4.023303742],"iteration":555,"passed_time":0.7758934287,"remaining_time":0.6195983495},
{"learn":[4.022369146],"iteration":556,"passed_time":0.77705789,"remaining_time":0.6180191118},
{"learn":[4.012615848],"iteration":557,"passed_time":0.7781997018,"remaining_time":0.6164234197},
{"learn":[4.003596981],"iteration":558,"passed_time":0.7793557523,"remaining_time":0.6148405845},
{"learn":[4.002653859],"iteration":559,"passed_time":0.7804865336,"remaining_time":0.6132394192},
{"learn":[3.993064544],"iteration":560,"passed_time":0.7817803465,"remaining_time":0.6117675082},
{"learn":[3.979529298],"iteration":561,"passed_time":0.7829968892,"remaining_time":0.6102360097},
{"learn":[3.966047203],"iteration":562,"passed_time":0.784406824,"remaining_time":0.6088557408},
{"learn":[3.953293252],"iteration":563,"passed_time":0.7857116982,"remaining_time":0.6073941497},
{"learn":[3.943293213],"iteration":564,"passed_time":0.7868319941,"remaining_time":0.6057910043},
{"learn":[3.93751922],"iteration":565,"passed_time":0.7878830357,"remaining_time":0.604136462},
{"learn":[3.925234984],"iteration":566,"passed_time":0.7890624627,"remaining_time":0.6025820923},
{"learn":[3.913960079],"iteration":567,"passed_time":0.7902142887,"remaining_time":0.6010080506},
{"learn":[3.912385489],"iteration":568,"passed_time":0.7913208997,"remaining_time":0.5994012439},
{"learn":[3.904219051],"iteration":569,"passed_time":0.7923879828,"remaining_time":0.597766373},
{"learn":[3.890751479],"iteration":570,"passed_time":0.7934580552,"remaining_time":0.5961357368},
{"learn":[3.882024868],"iteration":571,"passed_time":0.7945015903,"remaining_time":0.5944872039},
{"learn":[3.875212765],"iteration":572,"passed_time":0.7956207527,"remaining_time":0.5928971403},
{"learn":[3.874367883],"iteration":573,"passed_time":0.7966656081,"remaining_time":0.5912535697},
{"learn":[3.866698506],"iteration":574,"passed_time":0.7977491531,"remaining_time":0.5896406784},
{"learn":[3.865226354],"iteration":575,"passed_time":0.7987845875,"remaining_time":0.5879942102},
{"learn":[3.859773595],"iteration":576,"passed_time":0.799837375,"remaining_time":0.5863625817},
{"learn":[3.858922282],"iteration":577,"passed_time":0.8008962984,"remaining_time":0.5847374359},
{"learn":[3.849890143],"iteration":578,"passed_time":0.8019297715,"remaining_time":0.5830957406},
{"learn":[3.840157168],"iteration":579,"passed_time":0.8031101696,"remaining_time":0.5815625366},
{"learn":[3.830366328],"iteration":580,"passed_time":0.8043194164,"remaining_time":0.5800513519},
{"learn":[3.822195484],"iteration":581,"passed_time":0.8054764454,"remaining_time":0.5785037013},
{"learn":[3.817851244],"iteration":582,"passed_time":0.8065802672,"remaining_time":0.5769193335},
{"learn":[3.808251377],"iteration":583,"passed_time":0.8076268121,"remaining_time":0.5752958113},
{"learn":[3.807475643],"iteration":584,"passed_time":0.8086941306,"remaining_time":0.5736889986},
{"learn":[3.797815449],"iteration":585,"passed_time":0.8097542943,"remaining_time":0.5720789724},
{"learn":[3.792673867],"iteration":586,"passed_time":0.8108096955,"remaining_time":0.5704674689},
{"learn":[3.79104108],"iteration":587,"passed_time":0.8118668869,"remaining_time":0.5688591112},
{"learn":[3.776823325],"iteration":588,"passed_time":0.812948316,"remaining_time":0.567269538},
{"learn":[3.767670095],"iteration":589,"passed_time":0.8140346119,"remaining_time":0.5656850693},
{"learn":[3.757796023],"iteration":590,"passed_time":0.8151078404,"remaining_time":0.5640932432},
{"learn":[3.746778778],"iteration":591,"passed_time":0.8162370322,"remaining_time":0.5625417384},
{"learn":[3.733291293],"iteration":592,"passed_time":0.8173985501,"remaining_time":0.5610138447},
{"learn":[3.722833163],"iteration":593,"passed_time":0.8186270232,"remaining_time":0.5595329485},
{"learn":[3.720718751],"iteration":594,"passed_time":0.8196795214,"remaining_time":0.5579331196},
{"learn":[3.716210048],"iteration":595,"passed_time":0.8209187274,"remaining_time":0.5564616877},
{"learn":[3.704900688],"iteration":596,"passed_time":0.8220785521,"remaining_time":0.554937448},
{"learn":[3.696860069],"iteration":597,"passed_time":0.8234231852,"remaining_time":0.5535386629},
{"learn":[3.692457444],"iteration":598,"passed_time":0.8244708114,"remaining_time":0.5519412277},
{"learn":[3.690847344],"iteration":599,"passed_time":0.8255323954,"remaining_time":0.5503549302},
{"learn":[3.679787425],"iteration":600,"passed_time":0.8265978047,"remaining_time":0.5487729186},
{"learn":[3.676483539],"iteration":601,"passed_time":0.8276431691,"remaining_time":0.5471793709},
{"learn":[3.668175047],"iteration":602,"passed_time":0.8287102235,"remaining_time":0.5456019216},
{"learn":[3.662480153],"iteration":603,"passed_time":0.8297726543,"remaining_time":0.544023131},
{"learn":[3.659031117],"iteration":604,"passed_time":0.8308917633,"remaining_time":0.5424830521},
{"learn":[3.649875796],"iteration":605,"passed_time":0.8320118755,"remaining_time":0.5409450147},
{"learn":[3.648143332],"iteration":606,"passed_time":0.8331790042,"remaining_time":0.5394387952},
{"learn":[3.643851],"iteration":607,"passed_time":0.8345483328,"remaining_time":0.5380640567},
{"learn":[3.633631626],"iteration":608,"passed_time":0.8357451815,"remaining_time":0.5365785976},
{"learn":[3.623726804],"iteration":609,"passed_time":0.8368571005,"remaining_time":0.5350397856},
{"learn":[3.616859964],"iteration":610,"passed_time":0.8379255213,"remaining_time":0.5334746772},
{"learn":[3.610355674],"iteration":611,"passed_time":0.8390148929,"remaining_time":0.5319244746},
{"learn":[3.606332222],"iteration":612,"passed_time":0.8401038607,"remaining_time":0.5303755205},
{"learn":[3.593714839],"iteration":613,"passed_time":0.841182412,"remaining_time":0.5288215164},
{"learn":[3.581605753],"iteration":614,"passed_time":0.8422543837,"remaining_time":0.5272649394},
{"learn":[3.579131473],"iteration":615,"passed_time":0.843316071,"remaining_time":0.5257035248},
{"learn":[3.565092722],"iteration":616,"passed_time":0.8443963414,"remaining_time":0.5241552654},
{"learn":[3.5552445],"iteration":617,"passed_time":0.8456259149,"remaining_time":0.5227008082},
{"learn":[3.546393827],"iteration":618,"passed_time":0.8467098447,"remaining_time":0.5211574327},
{"learn":[3.545222386],"iteration":619,"passed_time":0.847755699,"remaining_time":0.5195922026},
{"learn":[3.538135225],"iteration":620,"passed_time":0.8488132465,"remaining_time":0.5180357817},
{"learn":[3.525972193],"iteration":621,"passed_time":0.8498713699,"remaining_time":0.5164813148},
{"learn":[3.521869246],"iteration":622,"passed_time":0.8509207351,"remaining_time":0.5149231415},
{"learn":[3.518541321],"iteration":623,"passed_time":0.8519657052,"remaining_time":0.5133639505},
{"learn":[3.515024211],"iteration":624,"passed_time":0.853006022,"remaining_time":0.5118036132},
{"learn":[3.498969808],"iteration":625,"passed_time":0.8540568813,"remaining_time":0.5102512358},
{"learn":[3.497473153],"iteration":626,"passed_time":0.8551377301,"remaining_time":0.5087182988},
{"learn":[3.487906007],"iteration":627,"passed_time":0.8562149256,"remaining_time":0.5071846374},
{"learn":[3.478877552],"iteration":628,"passed_time":0.8572469803,"remaining_time":0.5056258023},
{"learn":[3.471901506],"iteration":629,"passed_time":0.8582906665,"remaining_time":0.5040754708},
{"learn":[3.471291876],"iteration":630,"passed_time":0.8593411079,"remaining_time":0.5025306954},
{"learn":[3.462864031],"iteration":631,"passed_time":0.8604161596,"remaining_time":0.5010018145},
{"learn":[3.461750403],"iteration":632,"passed_time":0.8614735908,"remaining_time":0.4994641514},
{"learn":[3.455482051],"iteration":633,"passed_time":0.862571361,"remaining_time":0.4979512904},
{"learn":[3.449187844],"iteration":634,"passed_time":0.8636556643,"remaining_time":0.496431996},
{"learn":[3.442982088],"iteration":635,"passed_time":0.8647051233,"remaining_time":0.4948941272},
{"learn":[3.433802482],"iteration":636,"passed_time":0.865782866,"remaining_time":0.4933739095},
{"learn":[3.41983399],"iteration":637,"passed_time":0.8668412005,"remaining_time":0.4918440667},
{"learn":[3.418487991],"iteration":638,"passed_time":0.8678703948,"remaining_time":0.4902992371},
{"learn":[3.412903495],"iteration":639,"passed_time":0.8689057876,"remaining_time":0.4887595055},
{"learn":[3.404862378],"iteration":640,"passed_time":0.8699426717,"remaining_time":0.4872221828},
{"learn":[3.391539797],"iteration":641,"passed_time":0.8710200513,"remaining_time":0.4857090006},
{"learn":[3.388490045],"iteration":642,"passed_time":0.8720922636,"remaining_time":0.484194305},
{"learn":[3.383383867],"iteration":643,"passed_time":0.8731800457,"remaining_time":0.4826895905},
{"learn":[3.370545686],"iteration":644,"passed_time":0.87428164,"remaining_time":0.4811937708},
{"learn":[3.36666527],"iteration":645,"passed_time":0.8753334121,"remaining_time":0.4796718698},
{"learn":[3.356432321],"iteration":646,"passed_time":0.8764087696,"remaining_time":0.4781642901},
{"learn":[3.353028991],"iteration":647,"passed_time":0.8774589522,"remaining_time":0.4766443691},
{"learn":[3.346321219],"iteration":648,"passed_time":0.878511361,"remaining_time":0.4751270997},
{"learn":[3.342649382],"iteration":649,"passed_time":0.8795447437,"remaining_time":0.4736010159},
{"learn":[3.333667444],"iteration":650,"passed_time":0.880588099,"remaining_time":0.472081792},
{"learn":[3.325546343],"iteration":651,"passed_time":0.8816542666,"remaining_time":0.4705762037},
{"learn":[3.324090733],"iteration":652,"passed_time":0.8826904542,"remaining_time":0.46905603},
{"learn":[3.312791259],"iteration":653,"passed_time":0.8837606061,"remaining_time":0.4675553054},
{"learn":[3.302472546],"iteration":654,"passed_time":0.8848329469,"remaining_time":0.4660570484},
{"learn":[3.292139808],"iteration":655,"passed_time":0.8859127725,"remaining_time":0.4645640148},
{"learn":[3.288706403],"iteration":656,"passed_time":0.8869779234,"remaining_time":0.463064578},
{"learn":[3.279521751],"iteration":657,"passed_time":0.8881177118,"remaining_time":0.4616052544},
{"learn":[3.272201642],"iteration":658,"passed_time":0.8893068667,"remaining_time":0.4601724455},
{"learn":[3.26584112],"iteration":659,"passed_time":0.890384675,"remaining_time":0.4586830144},
{"learn":[3.25602395],"iteration":660,"passed_time":0.8914620416,"remaining_time":0.4571946023},
{"learn":[3.25232949],"iteration":661,"passed_time":0.8925323733,"remaining_time":0.4557038401},
{"learn":[3.243368012],"iteration":662,"passed_time":0.8936011068,"remaining_time":0.4542135339},
{"learn":[3.240206147],"iteration":663,"passed_time":0.8946478392,"remaining_time":0.4527133644},
{"learn":[3.236899234],"iteration":664,"passed_time":0.8956855147,"remaining_time":0.4512099961},
{"learn":[3.234354802],"iteration":665,"passed_time":0.8967244583,"remaining_time":0.4497086623},
{"learn":[3.222653408],"iteration":666,"passed_time":0.8977932074,"remaining_time":0.4482235953},
{"learn":[3.215338987],"iteration":667,"passed_time":0.8988624855,"remaining_time":0.4467400377},
{"learn":[3.209145383],"iteration":668,"passed_time":0.8999300576,"remaining_time":0.4452568746},
{"learn":[3.201627779],"iteration":669,"passed_time":0.9010032697,"remaining_time":0.4437777298},
{"learn":[3.192546564],"iteration":670,"passed_time":0.9020862553,"remaining_time":0.4423045872},
{"learn":[3.179444732],"iteration":671,"passed_time":0.9031904307,"remaining_time":0.4408429483},
{"learn":[3.172206719],"iteration":672,"passed_time":0.904269498,"remaining_time":0.4393701721},
{"learn":[3.170513527],"iteration":673,"passed_time":0.9053154348,"remaining_time":0.4378825397},
{"learn":[3.165421142],"iteration":674,"passed_time":0.9064127976,"remaining_time":0.4364209766},
{"learn":[3.156309462],"iteration":675,"passed_time":0.9074956938,"remaining_time":0.4349535574},
{"learn":[3.145870922],"iteration":676,"passed_time":0.9085673944,"remaining_time":0.4334819327},
{"learn":[3.145280331],"iteration":677,"passed_time":0.9095957758,"remaining_time":0.4319909142},
{"learn":[3.134460536],"iteration":678,"passed_time":0.9107345996,"remaining_time":0.4305534705},
{"learn":[3.128988786],"iteration":679,"passed_time":0.9118147205,"remaining_time":0.4290892802},
{"learn":[3.12376947],"iteration":680,"passed_time":0.9128757546,"remaining_time":0.4276172771},
{"learn":[3.122786408],"iteration":681,"passed_time":0.9139165023,"remaining_time":0.4261370202},
{"learn":[3.11779339],"iteration":682,"passed_time":0.9149907515,"remaining_time":0.4246735992},
{"learn":[3.108642843],"iteration":683,"passed_time":0.9160730865,"remaining_time":0.4232150517},
{"learn":[3.097612948],"iteration":684,"passed_time":0.9171668125,"remaining_time":0.4217628408},
{"learn":[3.092931159],"iteration":685,"passed_time":0.9183379516,"remaining_time":0.4203471091},
{"learn":[3.088630854],"iteration":686,"passed_time":0.9194655265,"remaining_time":0.4189122413},
{"learn":[3.087060064],"iteration":687,"passed_time":0.9205531635,"remaining_time":0.4174601556},
{"learn":[3.084003437],"iteration":688,"passed_time":0.9216919986,"remaining_time":0.4160322374},
{"learn":[3.076389539],"iteration":689,"passed_time":0.9228774637,"remaining_time":0.4146261069},
{"learn":[3.067324915],"iteration":690,"passed_time":0.924006672,"remaining_time":0.4131954582},
{"learn":[3.06035253],"iteration":691,"passed_time":0.92514996,"remaining_time":0.4117719475},
{"learn":[3.058727615],"iteration":692,"passed_time":0.9262652297,"remaining_time":0.4103368334},
{"learn":[3.053001224],"iteration":693,"passed_time":0.9274725577,"remaining_time":0.4089432315},
{"learn":[3.045704446],"iteration":694,"passed_time":0.9286378654,"remaining_time":0.4075317251},
{"learn":[3.037537144],"iteration":695,"passed_time":0.9297898521,"remaining_time":0.4061151078},
{"learn":[3.031573752],"iteration":696,"passed_time":0.9309348891,"remaining_time":0.4046962287},
{"learn":[3.02313459],"iteration":697,"passed_time":0.932102582,"remaining_time":0.4032879366},
{"learn":[3.018636893],"iteration":698,"passed_time":0.933297515,"remaining_time":0.4018920629},
{"learn":[3.009781882],"iteration":699,"passed_time":0.9344499542,"remaining_time":0.4004785518},
{"learn":[3.000453369],"iteration":700,"passed_time":0.9356607923,"remaining_time":0.3990906946},
{"learn":[2.995005762],"iteration":701,"passed_time":0.9367372538,"remaining_time":0.3976462986},
{"learn":[2.993788261],"iteration":702,"passed_time":0.9379473427,"remaining_time":0.3962594037},
{"learn":[2.986260196],"iteration":703,"passed_time":0.9391658467,"remaining_time":0.3948765492},
{"learn":[2.977805776],"iteration":704,"passed_time":0.9402594806,"remaining_time":0.3934419103},
{"learn":[2.972285681],"iteration":705,"passed_time":0.9414498646,"remaining_time":0.3920485272},
{"learn":[2.962491195],"iteration":706,"passed_time":0.9425874159,"remaining_time":0.390633823},
{"learn":[2.958771745],"iteration":707,"passed_time":0.9437024776,"remaining_time":0.3892106263},
{"learn":[2.954488929],"iteration":708,"passed_time":0.9448667807,"remaining_time":0.3878085094},
{"learn":[2.947494192],"iteration":709,"passed_time":0.9459861351,"remaining_time":0.3863887031},
{"learn":[2.943822504],"iteration":710,"passed_time":0.9471195231,"remaining_time":0.3849754461},
{"learn":[2.942391979],"iteration":711,"passed_time":0.9482678152,"remaining_time":0.3835690039},
{"learn":[2.936471095],"iteration":712,"passed_time":0.9493304727,"remaining_time":0.3821288158},
{"learn":[2.929686128],"iteration":713,"passed_time":0.9504441706,"remaining_time":0.38071013},
{"learn":[2.923600879],"iteration":714,"passed_time":0.9515365351,"remaining_time":0.3792837937},
{"learn":[2.916867573],"iteration":715,"passed_time":0.9526994537,"remaining_time":0.3778863755},
{"learn":[2.915683223],"iteration":716,"passed_time":0.9538002515,"remaining_time":0.3764650923},
{"learn":[2.908721059],"iteration":717,"passed_time":0.9549822791,"remaining_time":0.3750766054},
{"learn":[2.903244114],"iteration":718,"passed_time":0.956122014,"remaining_time":0.373672164},
{"learn":[2.898673454],"iteration":719,"passed_time":0.9571904661,"remaining_time":0.3722407368},
{"learn":[2.894478422],"iteration":720,"passed_time":0.9583913056,"remaining_time":0.3708615454},
{"learn":[2.893973068],"iteration":721,"passed_time":0.9595867749,"remaining_time":0.3694807804},
{"learn":[2.884792783],"iteration":722,"passed_time":0.960746715,"remaining_time":0.3680869157},
{"learn":[2.879678496],"iteration":723,"passed_time":0.9621089101,"remaining_time":0.3667708},
{"learn":[2.879187915],"iteration":724,"passed_time":0.9632930828,"remaining_time":0.3653870314},
{"learn":[2.869682896],"iteration":725,"passed_time":0.9645306905,"remaining_time":0.3640239796},
{"learn":[2.864861976],"iteration":726,"passed_time":0.965682583,"remaining_time":0.3626290855},
{"learn":[2.857124368],"iteration":727,"passed_time":0.9669545486,"remaining_time":0.3612797215},
{"learn":[2.853059037],"iteration":728,"passed_time":0.9680865656,"remaining_time":0.3598785449},
{"learn":[2.846139019],"iteration":729,"passed_time":0.9692812527,"remaining_time":0.3585012852},
{"learn":[2.839800219],"iteration":730,"passed_time":0.970461223,"remaining_time":0.3571191094},
{"learn":[2.836368696],"iteration":731,"passed_time":0.9715753596,"remaining_time":0.355713383},
{"learn":[2.828687659],"iteration":732,"passed_time":0.9727975951,"remaining_time":0.354347828},
{"learn":[2.82423744],"iteration":733,"passed_time":0.973995163,"remaining_time":0.3529737239},
{"learn":[2.817456826],"iteration":734,"passed_time":0.975148506,"remaining_time":0.3515841552},
{"learn":[2.810533522],"iteration":735,"passed_time":0.9764376819,"remaining_time":0.3502439511},
{"learn":[2.806602588],"iteration":736,"passed_time":0.9776206584,"remaining_time":0.348865988},
{"learn":[2.801949808],"iteration":737,"passed_time":0.9787860356,"remaining_time":0.3474823053},
{"learn":[2.800337719],"iteration":738,"passed_time":0.9798399741,"remaining_time":0.3460598555},
{"learn":[2.79173981],"iteration":739,"passed_time":0.9810065039,"remaining_time":0.3446779608},
{"learn":[2.788979943],"iteration":740,"passed_time":0.9822083558,"remaining_time":0.3433089934},
{"learn":[2.786078325],"iteration":741,"passed_time":0.9833531856,"remaining_time":0.3419206494},
{"learn":[2.785053426],"iteration":742,"passed_time":0.9844631033,"remaining_time":0.340520885},
{"learn":[2.783631964],"iteration":743,"passed_time":0.9855106279,"remaining_time":0.3391004311},
{"learn":[2.776081956],"iteration":744,"passed_time":0.9867290694,"remaining_time":0.3377394801},
{"learn":[2.774391102],"iteration":745,"passed_time":0.9877807468,"remaining_time":0.336322131},
{"learn":[2.773301557],"iteration":746,"passed_time":0.9888281664,"remaining_time":0.3349043187},
{"learn":[2.772066042],"iteration":747,"passed_time":0.9898812336,"remaining_time":0.3334893995},
{"learn":[2.762582462],"iteration":748,"passed_time":0.9909898428,"remaining_time":0.3320940595},
{"learn":[2.757237185],"iteration":749,"passed_time":0.9920748401,"remaining_time":0.3306916134},
{"learn":[2.747219582],"iteration":750,"passed_time":0.9931539535,"remaining_time":0.3292880618},
{"learn":[2.743193418],"iteration":751,"passed_time":0.9942150605,"remaining_time":0.3278794349},
{"learn":[2.736318336],"iteration":752,"passed_time":0.9952806071,"remaining_time":0.3264731872},
{"learn":[2.73320528],"iteration":753,"passed_time":0.9963467173,"remaining_time":0.3250680271},
{"learn":[2.72714552],"iteration":754,"passed_time":0.997397884,"remaining_time":0.323658916},
{"learn":[2.719872299],"iteration":755,"passed_time":0.9984762421,"remaining_time":0.3222595279},
{"learn":[2.713724554],"iteration":756,"passed_time":0.9995381093,"remaining_time":0.3208556943},
{"learn":[2.711221053],"iteration":757,"passed_time":1.000582643,"remaining_time":0.3194472291},
{"learn":[2.702614744],"iteration":758,"passed_time":1.00164598,"remaining_time":0.3180456933},
{"learn":[2.700968297],"iteration":759,"passed_time":1.002691134,"remaining_time":0.3166393055},
{"learn":[2.698318237],"iteration":760,"passed_time":1.003741366,"remaining_time":0.315235462},
{"learn":[2.693578029],"iteration":761,"passed_time":1.004796042,"remaining_time":0.3138339344},
{"learn":[2.688505926],"iteration":762,"passed_time":1.005904955,"remaining_time":0.3124501628},
{"learn":[2.683741911],"iteration":763,"passed_time":1.006982386,"remaining_time":0.3110573863},
{"learn":[2.68170696],"iteration":764,"passed_time":1.008033225,"remaining_time":0.3096572653},
{"learn":[2.678137906],"iteration":765,"passed_time":1.009083726,"remaining_time":0.3082579528},
{"learn":[2.676641635],"iteration":766,"passed_time":1.010118868,"remaining_time":0.3068548842},
{"learn":[2.675367392],"iteration":767,"passed_time":1.011165492,"remaining_time":0.3054562425},
{"learn":[2.67256668],"iteration":768,"passed_time":1.012215109,"remaining_time":0.304059415},
{"learn":[2.669069374],"iteration":769,"passed_time":1.013282495,"remaining_time":0.3026687972},
{"learn":[2.667534317],"iteration":770,"passed_time":1.014315443,"remaining_time":0.3012687893},
{"learn":[2.66578541],"iteration":771,"passed_time":1.015368824,"remaining_time":0.2998757667},
{"learn":[2.659817882],"iteration":772,"passed_time":1.016443804,"remaining_time":0.2984899657},
{"learn":[2.658487743],"iteration":773,"passed_time":1.017472609,"remaining_time":0.2970914853},
{"learn":[2.652328512],"iteration":774,"passed_time":1.018556666,"remaining_time":0.2957099997},
{"learn":[2.647635744],"iteration":775,"passed_time":1.019628851,"remaining_time":0.2943258538},
{"learn":[2.643963829],"iteration":776,"passed_time":1.020726669,"remaining_time":0.2929498678},
{"learn":[2.643087313],"iteration":777,"passed_time":1.021757882,"remaining_time":0.2915555909},
{"learn":[2.640030964],"iteration":778,"passed_time":1.022859212,"remaining_time":0.2901821385},
{"learn":[2.638975815],"iteration":779,"passed_time":1.023936422,"remaining_time":0.2888025804},
{"learn":[2.634785023],"iteration":780,"passed_time":1.024998461,"remaining_time":0.2874195428},
{"learn":[2.628292963],"iteration":781,"passed_time":1.026056839,"remaining_time":0.2860363056},
{"learn":[2.622062679],"iteration":782,"passed_time":1.027127587,"remaining_time":0.2846573262},
{"learn":[2.618467914],"iteration":783,"passed_time":1.028198276,"remaining_time":0.2832791168},
{"learn":[2.613397427],"iteration":784,"passed_time":1.029256785,"remaining_time":0.2818983551},
{"learn":[2.610591369],"iteration":785,"passed_time":1.030300285,"remaining_time":0.2805143271},
{"learn":[2.606461232],"iteration":786,"passed_time":1.031374458,"remaining_time":0.2791394658},
{"learn":[2.600911455],"iteration":787,"passed_time":1.032428821,"remaining_time":0.2777600382},
{"learn":[2.596795651],"iteration":788,"passed_time":1.033520045,"remaining_time":0.2763912921},
{"learn":[2.591972044],"iteration":789,"passed_time":1.034625612,"remaining_time":0.2750270614},
{"learn":[2.590369549],"iteration":790,"passed_time":1.035671627,"remaining_time":0.2736477498},
{"learn":[2.584327168],"iteration":791,"passed_time":1.036736204,"remaining_time":0.2722741546},
{"learn":[2.580566474],"iteration":792,"passed_time":1.037813171,"remaining_time":0.2709045731},
{"learn":[2.578203415],"iteration":793,"passed_time":1.0388798,"remaining_time":0.2695330464},
{"learn":[2.576032929],"iteration":794,"passed_time":1.039915149,"remaining_time":0.2681542207},
{"learn":[2.573740506],"iteration":795,"passed_time":1.040990156,"remaining_time":0.2667864219},
{"learn":[2.568335541],"iteration":796,"passed_time":1.042022119,"remaining_time":0.2654083941},
{"learn":[2.565818281],"iteration":797,"passed_time":1.043112588,"remaining_time":0.2640460436},
{"learn":[2.564804371],"iteration":798,"passed_time":1.044170871,"remaining_time":0.2626762766},
{"learn":[2.562196324],"iteration":799,"passed_time":1.045222768,"remaining_time":0.2613056919},
{"learn":[2.554247993],"iteration":800,"passed_time":1.046303815,"remaining_time":0.2599431452},
{"learn":[2.546777832],"iteration":801,"passed_time":1.047339833,"remaining_time":0.2585701831},
{"learn":[2.543085042],"iteration":802,"passed_time":1.048420565,"remaining_time":0.2572090303},
{"learn":[2.541429632],"iteration":803,"passed_time":1.049503815,"remaining_time":0.2558491887},
{"learn":[2.539521983],"iteration":804,"passed_time":1.050548055,"remaining_time":0.2544805848},
{"learn":[2.538516157],"iteration":805,"passed_time":1.05159305,"remaining_time":0.2531129673},
{"learn":[2.533529726],"iteration":806,"passed_time":1.052636311,"remaining_time":0.2517457349},
{"learn":[2.52560951],"iteration":807,"passed_time":1.053697916,"remaining_time":0.2503836632},
{"learn":[2.523180684],"iteration":808,"passed_time":1.054724451,"remaining_time":0.2490140545},
{"learn":[2.520244537],"iteration":809,"passed_time":1.055773643,"remaining_time":0.2476506076},
{"learn":[2.512704041],"iteration":810,"passed_time":1.056839689,"remaining_time":0.2462918634},
{"learn":[2.506717328],"iteration":811,"passed_time":1.05789511,"remaining_time":0.2449313802},
{"learn":[2.50313065],"iteration":812,"passed_time":1.058925374,"remaining_time":0.2435658609},
{"learn":[2.49807466],"iteration":813,"passed_time":1.059991146,"remaining_time":0.2422092791},
{"learn":[2.492094593],"iteration":814,"passed_time":1.061085506,"remaining_time":0.2408599002},
{"learn":[2.490776606],"iteration":815,"passed_time":1.062137659,"remaining_time":0.2395016289},
{"learn":[2.48200059],"iteration":816,"passed_time":1.064245696,"remaining_time":0.238380615},
{"learn":[2.476958776],"iteration":817,"passed_time":1.065682036,"remaining_time":0.237107739},
{"learn":[2.475740555],"iteration":818,"passed_time":1.067039155,"remaining_time":0.2358169562},
{"learn":[2.470674297],"iteration":819,"passed_time":1.068140106,"remaining_time":0.2344697793},
{"learn":[2.464705925],"iteration":820,"passed_time":1.069211534,"remaining_time":0.2331167657},
{"learn":[2.459289142],"iteration":821,"passed_time":1.070297176,"remaining_time":0.231767515},
{"learn":[2.454070107],"iteration":822,"passed_time":1.071390093,"remaining_time":0.2304204697},
{"learn":[2.450149062],"iteration":823,"passed_time":1.072472741,"remaining_time":0.2290718476},
{"learn":[2.447839541],"iteration":824,"passed_time":1.073558461,"remaining_time":0.2277245221},
{"learn":[2.444227198],"iteration":825,"passed_time":1.074635187,"remaining_time":0.2263759352},
{"learn":[2.440852834],"iteration":826,"passed_time":1.075741281,"remaining_time":0.2250341494},
{"learn":[2.435920384],"iteration":827,"passed_time":1.076836669,"remaining_time":0.2236907091},
{"learn":[2.432999733],"iteration":828,"passed_time":1.077901097,"remaining_time":0.2223414808},
{"learn":[2.42961516],"iteration":829,"passed_time":1.079107619,"remaining_time":0.2210220424},
{"learn":[2.424901753],"iteration":830,"passed_time":1.080197656,"remaining_time":0.2196791863},
{"learn":[2.421180513],"iteration":831,"passed_time":1.081277888,"remaining_time":0.2183349581},
{"learn":[2.4166961],"iteration":832,"passed_time":1.082361935,"remaining_time":0.2169921286},
{"learn":[2.415289199],"iteration":833,"passed_time":1.083417867,"remaining_time":0.2156443236},
{"learn":[2.411657337],"iteration":834,"passed_time":1.084501285,"remaining_time":0.2143026491},
{"learn":[2.407187198],"iteration":835,"passed_time":1.085595847,"remaining_time":0.2129637785},
{"learn":[2.402138145],"iteration":836,"passed_time":1.086671644,"remaining_time":0.2116218374},
{"learn":[2.397950474],"iteration":837,"passed_time":1.087724997,"remaining_time":0.2102761927},
{"learn":[2.392360741],"iteration":838,"passed_time":1.08881697,"remaining_time":0.2089386557},
{"learn":[2.390260248],"iteration":839,"passed_time":1.089890389,"remaining_time":0.2075981694},
{"learn":[2.388288807],"iteration":840,"passed_time":1.090950722,"remaining_time":0.2062558439},
{"learn":[2.386852547],"iteration":841,"passed_time":1.092020599,"remaining_time":0.2049159794},
{"learn":[2.380467259],"iteration":842,"passed_time":1.093137903,"remaining_time":0.2035855882},
{"learn":[2.374537599],"iteration":843,"passed_time":1.09422036,"remaining_time":0.2022492609},
{"learn":[2.373672094],"iteration":844,"passed_time":1.095272481,"remaining_time":0.20090797},
{"learn":[2.370771475],"iteration":845,"passed_time":1.096348128,"remaining_time":0.1995716451},
{"learn":[2.365874177],"iteration":846,"passed_time":1.097419454,"remaining_time":0.1982351551},
{"learn":[2.363673405],"iteration":847,"passed_time":1.09848769,"remaining_time":0.1968987369},
{"learn":[2.360285216],"iteration":848,"passed_time":1.099580088,"remaining_time":0.1955672477},
{"learn":[2.3571727],"iteration":849,"passed_time":1.100659545,"remaining_time":0.1942340374},
{"learn":[2.3525615],"iteration":850,"passed_time":1.101742368,"remaining_time":0.1929020127},
{"learn":[2.350957157],"iteration":851,"passed_time":1.102841751,"remaining_time":0.1915734497},
{"learn":[2.34988482],"iteration":852,"passed_time":1.103905835,"remaining_time":0.1902393408},
{"learn":[2.343148248],"iteration":853,"passed_time":1.104971995,"remaining_time":0.1889062192},
{"learn":[2.336997605],"iteration":854,"passed_time":1.106041759,"remaining_time":0.1875743334},
{"learn":[2.336374303],"iteration":855,"passed_time":1.107102116,"remaining_time":0.1862414774},
{"learn":[2.333659866],"iteration":856,"passed_time":1.108557924,"remaining_time":0.1849752428},
{"learn":[2.327576535],"iteration":857,"passed_time":1.109771758,"remaining_time":0.1836685194},
{"learn":[2.326671185],"iteration":858,"passed_time":1.110833041,"remaining_time":0.1823369718},
{"learn":[2.325905795],"iteration":859,"passed_time":1.111885245,"remaining_time":0.1810045748},
{"learn":[2.322322757],"iteration":860,"passed_time":1.112972135,"remaining_time":0.1796784283},
{"learn":[2.317677998],"iteration":861,"passed_time":1.114048564,"remaining_time":0.1783511623},
{"learn":[2.31335301],"iteration":862,"passed_time":1.115128674,"remaining_time":0.1770250618},
{"learn":[2.310288887],"iteration":863,"passed_time":1.116209942,"remaining_time":0.175699713},
{"learn":[2.306222059],"iteration":864,"passed_time":1.117328502,"remaining_time":0.1743807489},
{"learn":[2.302051135],"iteration":865,"passed_time":1.119541504,"remaining_time":0.1732315953},
{"learn":[2.301403159],"iteration":866,"passed_time":1.121092932,"remaining_time":0.1719785005},
{"learn":[2.299230679],"iteration":867,"passed_time":1.122792382,"remaining_time":0.1707472287},
{"learn":[2.298033384],"iteration":868,"passed_time":1.124266217,"remaining_time":0.1694808682},
{"learn":[2.295435576],"iteration":869,"passed_time":1.125771145,"remaining_time":0.1682186769},
{"learn":[2.292543638],"iteration":870,"passed_time":1.127197909,"remaining_time":0.1669443517},
{"learn":[2.287613867],"iteration":871,"passed_time":1.12864411,"remaining_time":0.1656725299},
{"learn":[2.284578269],"iteration":872,"passed_time":1.130114804,"remaining_time":0.1644038719},
{"learn":[2.27956498],"iteration":873,"passed_time":1.131577523,"remaining_time":0.1631336017},
{"learn":[2.273649376],"iteration":874,"passed_time":1.133059618,"remaining_time":0.1618656597},
{"learn":[2.270203764],"iteration":875,"passed_time":1.134523906,"remaining_time":0.1605947082},
{"learn":[2.266293996],"iteration":876,"passed_time":1.135990884,"remaining_time":0.1593236929},
{"learn":[2.262023041],"iteration":877,"passed_time":1.137571038,"remaining_time":0.1580679575},
{"learn":[2.257924418],"iteration":878,"passed_time":1.139009105,"remaining_time":0.1567919245},
{"learn":[2.254230443],"iteration":879,"passed_time":1.140492712,"remaining_time":0.1555217335},
{"learn":[2.250994967],"iteration":880,"passed_time":1.1419629,"remaining_time":0.1542492453},
{"learn":[2.246267219],"iteration":881,"passed_time":1.143440305,"remaining_time":0.1529772744},
{"learn":[2.243746995],"iteration":882,"passed_time":1.144942509,"remaining_time":0.1517081241},
{"learn":[2.24219412],"iteration":883,"passed_time":1.146397714,"remaining_time":0.1504322792},
{"learn":[2.235549339],"iteration":884,"passed_time":1.147858198,"remaining_time":0.149156715},
{"learn":[2.233992918],"iteration":885,"passed_time":1.149310049,"remaining_time":0.1478796226},
{"learn":[2.229634892],"iteration":886,"passed_time":1.150809806,"remaining_time":0.1466082391},
{"learn":[2.227852484],"iteration":887,"passed_time":1.152352979,"remaining_time":0.1453418172},
{"learn":[2.224896611],"iteration":888,"passed_time":1.153813283,"remaining_time":0.1440644256},
{"learn":[2.223687599],"iteration":889,"passed_time":1.155230627,"remaining_time":0.1427813134},
{"learn":[2.222929856],"iteration":890,"passed_time":1.156686296,"remaining_time":0.1415025885},
{"learn":[2.221872399],"iteration":891,"passed_time":1.158121977,"remaining_time":0.1402210465},
{"learn":[2.219889746],"iteration":892,"passed_time":1.159566988,"remaining_time":0.1389402774},
{"learn":[2.218693668],"iteration":893,"passed_time":1.16097399,"remaining_time":0.1376546342},
{"learn":[2.215005958],"iteration":894,"passed_time":1.162331175,"remaining_time":0.1363628753},
{"learn":[2.211832222],"iteration":895,"passed_time":1.163697029,"remaining_time":0.1350719766},
{"learn":[2.210797449],"iteration":896,"passed_time":1.165063046,"remaining_time":0.1337809295},
{"learn":[2.209501746],"iteration":897,"passed_time":1.166460058,"remaining_time":0.1324932359},
{"learn":[2.205919141],"iteration":898,"passed_time":1.167890132,"remaining_time":0.1312090138},
{"learn":[2.202456068],"iteration":899,"passed_time":1.169262228,"remaining_time":0.1299180253},
{"learn":[2.198508048],"iteration":900,"passed_time":1.170689797,"remaining_time":0.1286329521},
{"learn":[2.19628981],"iteration":901,"passed_time":1.172067581,"remaining_time":0.127342154},
{"learn":[2.19116044],"iteration":902,"passed_time":1.173471747,"remaining_time":0.1260539972},
{"learn":[2.19009882],"iteration":903,"passed_time":1.174843434,"remaining_time":0.1247621345},
{"learn":[2.185772131],"iteration":904,"passed_time":1.176235388,"remaining_time":0.1234722231},
{"learn":[2.185109067],"iteration":905,"passed_time":1.177593038,"remaining_time":0.1221785271},
{"learn":[2.182995819],"iteration":906,"passed_time":1.179001147,"remaining_time":0.120889864},
{"learn":[2.180392936],"iteration":907,"passed_time":1.180395137,"remaining_time":0.1195995073},
{"learn":[2.175682923],"iteration":908,"passed_time":1.181965902,"remaining_time":0.1183266195},
{"learn":[2.175057224],"iteration":909,"passed_time":1.183672057,"remaining_time":0.1170664672},
{"learn":[2.171406768],"iteration":910,"passed_time":1.185107147,"remaining_time":0.1157788541},
{"learn":[2.16601382],"iteration":911,"passed_time":1.186520548,"remaining_time":0.1144888248},
{"learn":[2.165468625],"iteration":912,"passed_time":1.187904949,"remaining_time":0.1131957618},
{"learn":[2.163777944],"iteration":913,"passed_time":1.189289527,"remaining_time":0.1119025157},
{"learn":[2.162400062],"iteration":914,"passed_time":1.190691274,"remaining_time":0.1106106648},
{"learn":[2.158515565],"iteration":915,"passed_time":1.192095398,"remaining_time":0.109318792},
{"learn":[2.155322768],"iteration":916,"passed_time":1.193481461,"remaining_time":0.1080250396},
{"learn":[2.15038693],"iteration":917,"passed_time":1.19489173,"remaining_time":0.1067332482},
{"learn":[2.148305273],"iteration":918,"passed_time":1.196570019,"remaining_time":0.1054648221},
{"learn":[2.141267308],"iteration":919,"passed_time":1.198133825,"remaining_time":0.10418555},
{"learn":[2.136581012],"iteration":920,"passed_time":1.199710023,"remaining_time":0.1029067229},
{"learn":[2.135811307],"iteration":921,"passed_time":1.201263799,"remaining_time":0.101625354},
{"learn":[2.132182896],"iteration":922,"passed_time":1.202801924,"remaining_time":0.100342089},
{"learn":[2.127675368],"iteration":923,"passed_time":1.204232418,"remaining_time":0.09904941966},
{"learn":[2.123097529],"iteration":924,"passed_time":1.205596498,"remaining_time":0.0977510674},
{"learn":[2.122167499],"iteration":925,"passed_time":1.20697574,"remaining_time":0.09645378487},
{"learn":[2.118168],"iteration":926,"passed_time":1.208383949,"remaining_time":0.09515860658},
{"learn":[2.11317179],"iteration":927,"passed_time":1.209750962,"remaining_time":0.09385998841},
{"learn":[2.109730162],"iteration":928,"passed_time":1.211241093,"remaining_time":0.09257063249},
{"learn":[2.107509272],"iteration":929,"passed_time":1.212629284,"remaining_time":0.09127317188},
{"learn":[2.10420063],"iteration":930,"passed_time":1.214044361,"remaining_time":0.089977509},
{"learn":[2.099824499],"iteration":931,"passed_time":1.215452735,"remaining_time":0.08868110086},
{"learn":[2.095298939],"iteration":932,"passed_time":1.216894315,"remaining_time":0.08738683722},
{"learn":[2.090894981],"iteration":933,"passed_time":1.218269115,"remaining_time":0.08608753916},
{"learn":[2.086751743],"iteration":934,"passed_time":1.219661881,"remaining_time":0.0847893286},
{"learn":[2.084741274],"iteration":935,"passed_time":1.221095613,"remaining_time":0.08349371711},
{"learn":[2.081270335],"iteration":936,"passed_time":1.222473456,"remaining_time":0.08219405306},
{"learn":[2.079108237],"iteration":937,"passed_time":1.22387179,"remaining_time":0.08089557671},
{"learn":[2.077834039],"iteration":938,"passed_time":1.225311332,"remaining_time":0.07959956468},
{"learn":[2.076899805],"iteration":939,"passed_time":1.226658516,"remaining_time":0.07829735211},
{"learn":[2.074032612],"iteration":940,"passed_time":1.228019864,"remaining_time":0.07699593195},
{"learn":[2.072361632],"iteration":941,"passed_time":1.229375089,"remaining_time":0.07569400761},
{"learn":[2.068735848],"iteration":942,"passed_time":1.230767052,"remaining_time":0.07439419087},
{"learn":[2.06526598],"iteration":943,"passed_time":1.232134757,"remaining_time":0.07309273983},
{"learn":[2.060447957],"iteration":944,"passed_time":1.233490021,"remaining_time":0.07179042449},
{"learn":[2.054974178],"iteration":945,"passed_time":1.234884573,"remaining_time":0.07049023992},
{"learn":[2.052164127],"iteration":946,"passed_time":1.236275921,"remaining_time":0.06918967666},
{"learn":[2.04668956],"iteration":947,"passed_time":1.237683537,"remaining_time":0.06788981428},
{"learn":[2.043197655],"iteration":948,"passed_time":1.239036801,"remaining_time":0.06658680386},
{"learn":[2.04110385],"iteration":949,"passed_time":1.240380088,"remaining_time":0.06528316255},
{"learn":[2.038691835],"iteration":950,"passed_time":1.241692467,"remaining_time":0.06397784531},
{"learn":[2.036675811],"iteration":951,"passed_time":1.242999301,"remaining_time":0.06267223368},
{"learn":[2.034178279],"iteration":952,"passed_time":1.244310193,"remaining_time":0.06136681959},
{"learn":[2.031468415],"iteration":953,"passed_time":1.245628951,"remaining_time":0.0600617733},
{"learn":[2.030894605],"iteration":954,"passed_time":1.246906415,"remaining_time":0.05875475256},
{"learn":[2.02938962],"iteration":955,"passed_time":1.248229826,"remaining_time":0.05744990832},
{"learn":[2.025928544],"iteration":956,"passed_time":1.249596313,"remaining_time":0.05614696078},
{"learn":[2.021908918],"iteration":957,"passed_time":1.250903804,"remaining_time":0.05484129412},
{"learn":[2.018691047],"iteration":958,"passed_time":1.252184685,"remaining_time":0.05353448601},
{"learn":[2.018010779],"iteration":959,"passed_time":1.253473312,"remaining_time":0.05222805465},
{"learn":[2.013688816],"iteration":960,"passed_time":1.254924491,"remaining_time":0.05092825719},
{"learn":[2.011373059],"iteration":961,"passed_time":1.256228859,"remaining_time":0.04962234577},
{"learn":[2.009471186],"iteration":962,"passed_time":1.257590415,"remaining_time":0.04831863486},
{"learn":[2.006387103],"iteration":963,"passed_time":1.258888665,"remaining_time":0.04701243978},
{"learn":[2.00344772],"iteration":964,"passed_time":1.26021446,"remaining_time":0.04570726019},
{"learn":[1.999963895],"iteration":965,"passed_time":1.261602791,"remaining_time":0.04440423903},
{"learn":[1.999451951],"iteration":966,"passed_time":1.263028219,"remaining_time":0.04310230738},
{"learn":[1.997672769],"iteration":967,"passed_time":1.264378994,"remaining_time":0.04179765269},
{"learn":[1.996802783],"iteration":968,"passed_time":1.265681919,"remaining_time":0.04049137201},
{"learn":[1.99281328],"iteration":969,"passed_time":1.267020183,"remaining_time":0.03918619122},
{"learn":[1.98895861],"iteration":970,"passed_time":1.268346436,"remaining_time":0.03788058355},
{"learn":[1.986767863],"iteration":971,"passed_time":1.269867304,"remaining_time":0.03658053962},
{"learn":[1.984230863],"iteration":972,"passed_time":1.27135515,"remaining_time":0.03527912544},
{"learn":[1.979842035],"iteration":973,"passed_time":1.272849704,"remaining_time":0.03397750751},
{"learn":[1.975897284],"iteration":974,"passed_time":1.274232239,"remaining_time":0.03267262151},
{"learn":[1.973672824],"iteration":975,"passed_time":1.275587166,"remaining_time":0.03136689753},
{"learn":[1.970551753],"iteration":976,"passed_time":1.276887695,"remaining_time":0.03005979221},
{"learn":[1.969748859],"iteration":977,"passed_time":1.278181331,"remaining_time":0.02875254528},
{"learn":[1.966936228],"iteration":978,"passed_time":1.279559094,"remaining_time":0.02744713073},
{"learn":[1.966101748],"iteration":979,"passed_time":1.280884454,"remaining_time":0.02614049907},
{"learn":[1.961654251],"iteration":980,"passed_time":1.2822004,"remaining_time":0.0248336469},
{"learn":[1.960038507],"iteration":981,"passed_time":1.283588409,"remaining_time":0.02352809711},
{"learn":[1.95876067],"iteration":982,"passed_time":1.284943512,"remaining_time":0.02222181048},
{"learn":[1.956874349],"iteration":983,"passed_time":1.286281743,"remaining_time":0.02091515029},
{"learn":[1.952973959],"iteration":984,"passed_time":1.287613062,"remaining_time":0.01960832074},
{"learn":[1.950889136],"iteration":985,"passed_time":1.28893497,"remaining_time":0.01830130789},
{"learn":[1.950342367],"iteration":986,"passed_time":1.290242984,"remaining_time":0.01699408186},
{"learn":[1.949556866],"iteration":987,"passed_time":1.291562689,"remaining_time":0.01568699623},
{"learn":[1.944137845],"iteration":988,"passed_time":1.292901358,"remaining_time":0.014380096},
{"learn":[1.939968488],"iteration":989,"passed_time":1.294220938,"remaining_time":0.01307293876},
{"learn":[1.938011437],"iteration":990,"passed_time":1.295567096,"remaining_time":0.01176599785},
{"learn":[1.935040204],"iteration":991,"passed_time":1.296915752,"remaining_time":0.010458998},
{"learn":[1.934507903],"iteration":992,"passed_time":1.298202379,"remaining_time":0.009151476995},
{"learn":[1.931605869],"iteration":993,"passed_time":1.299736469,"remaining_time":0.007845491765},
{"learn":[1.929095485],"iteration":994,"passed_time":1.301108504,"remaining_time":0.006538233687},
{"learn":[1.927207117],"iteration":995,"passed_time":1.302476866,"remaining_time":0.005230830787},
{"learn":[1.925209097],"iteration":996,"passed_time":1.303822506,"remaining_time":0.003923237231},
{"learn":[1.921440597],"iteration":997,"passed_time":1.305129756,"remaining_time":0.002615490493},
{"learn":[1.916220158],"iteration":998,"passed_time":1.306492005,"remaining_time":0.001307799805},
{"learn":[1.91577471],"iteration":999,"passed_time":1.307777123,"remaining_time":0}
]}